"int_no","predicted_accidents"
317,22.0137720913857
481,17.0610230718199
284,16.9499024621402
1092,14.1730879548805
904,13.1655070874982
128,12.7032722249058
517,12.4575844615804
1685,12.3637521800217
778,12.2711946954802
8830,11.8495908404517
539,11.1615163597301
1138,10.8415812687898
863,10.751443830726
931,10.3891099265475
444,10.2897548174766
386,10.1787770403611
443,10.0998656204678
421,9.70834008156439
410,9.69454673149787
1249,9.57188969639812
316,9.48052404945079
441,9.38723847813366
419,9.30347579794501
416,9.06263375136509
8845,9.03695171613377
873,9.01350264802389
286,8.88244182805339
1633,8.87689962418377
1117,8.8463471264322
1198,8.83929490281528
601,8.5201683589584
1093,8.15320288365491
6044,8.07671143740485
356,7.98231616250419
1090,7.96445194821329
152,7.94124465309531
500,7.90351167692582
888,7.90128897321687
417,7.83268783874029
160,7.79832241744483
602,7.70643775942786
1283,7.66432837843562
374,7.60540954781533
493,7.59479678632634
628,7.54804585972264
633,7.54378908932403
886,7.34929874892753
1120,7.34776000837173
293,7.24600914760088
868,7.19360025203943
142,7.18270775579543
345,7.17420214471667
1058,7.17026294204987
1031,7.13261444394054
1064,7.11704205759443
428,7.11544724201734
368,7.08484948366338
593,7.06572852899455
211,6.94971293493832
16918,6.93457744665246
1043,6.88107695665304
47,6.84865992627628
1046,6.84757798184943
190,6.8146553843919
1029,6.74863832614506
533,6.68035514639842
478,6.67958842864895
712,6.67492744696654
406,6.64790542033412
420,6.60966524242451
411,6.56972839796698
1086,6.49685488812136
364,6.44498136328565
8863,6.40016842699582
846,6.31307669737139
347,6.19366711907274
805,6.19266517115846
543,6.18227077493891
432,6.15633009284118
629,6.12424124776492
144,6.10676827154421
1089,6.0971202123074
267,6.09023551288229
648,6.06936300584699
135,6.02999157708145
497,5.96599122151394
1020,5.9071129513178
2,5.89531582646254
4481,5.88881072098677
1104,5.82700063043985
933,5.81808517218205
1611,5.75684894689235
1671,5.73336249699967
1266,5.70288080657905
371,5.67956581257786
16660,5.67868333330622
884,5.66116549649413
36,5.65443086174914
758,5.60254580455559
494,5.58628341064463
8851,5.56540551313611
745,5.56044340118328
352,5.55734712687502
15748,5.54350343510455
506,5.52627383750974
1278,5.5215099269952
872,5.51988757596318
631,5.51045341525947
507,5.4904333788358
928,5.49000441538614
326,5.48433405909486
283,5.47427544548785
1047,5.45580949484609
7149,5.44811401846539
910,5.41224249435321
1375,5.40219620537721
10475,5.37755768389353
547,5.37423908710223
13332,5.36534631285878
9304,5.35800138728963
1053,5.35083669270203
897,5.33542352172082
342,5.31741370145764
271,5.3042468247731
1757,5.29741848131542
708,5.27838185084854
351,5.2419345310107
843,5.23414608361212
1707,5.21814322809943
1039,5.21326243072828
782,5.13230477732606
281,5.12739746450446
1115,5.11034958033999
221,5.10160343207651
1070,5.05325303748786
402,5.05272702399667
858,5.04650568482726
1121,5.03941300236013
388,5.03105103911478
1073,5.00127550974425
838,4.9835557621601
1034,4.95487832830962
445,4.94631372605924
492,4.91476971617425
8256,4.89464343365819
9146,4.89223216817276
439,4.86598846249898
1239,4.85779903732229
1040,4.84752324122088
1151,4.84031994203661
468,4.80327845363074
1189,4.78777509249692
857,4.78316514601437
914,4.78086911349387
145,4.74365764389448
337,4.73180456780691
16042,4.72567119336569
8888,4.69945552120215
6207,4.68329529710471
147,4.66768719498318
842,4.64068238099607
908,4.62160495143322
9183,4.61811946751284
359,4.61270543000399
1008,4.57806471758766
333,4.56888718694892
2232,4.55968881689632
1030,4.54368044285766
1016,4.52882047556521
882,4.51631765793766
699,4.51428751252327
12703,4.50989486708829
1041,4.48524494748014
1761,4.48233817531278
572,4.4779226778287
218,4.47315489938653
477,4.45107073930148
923,4.4463494696629
486,4.4046903571367
361,4.40468566874875
1392,4.39212928583822
308,4.39186398534423
938,4.37384278941024
538,4.3654678200291
1052,4.35339670638203
704,4.3493753583754
175,4.34324564527762
341,4.30992802663419
474,4.30900330923197
3527,4.2989244614447
8891,4.294767488338
8890,4.26828060903129
442,4.26361541696661
336,4.25379515820863
149,4.23985878725316
1131,4.23829800125614
5843,4.23099942069872
1071,4.2178566296814
1521,4.21072563489956
709,4.20273723725058
1137,4.17645294903182
1101,4.17148944203405
467,4.16884253602829
109,4.16757204471409
570,4.16414404920277
1088,4.14450056417175
429,4.12646322260994
1118,4.12074371293723
365,4.08451997142995
1677,4.07583567348531
384,4.0532027013059
594,4.05242659192609
915,4.03727477723841
1394,4.02995731344793
16661,4.01360342132548
127,4.00990028471734
641,4.00707389361739
285,4.00342713247949
905,3.98662872701999
1246,3.98644203916625
373,3.98345359048766
1284,3.97793262749833
1139,3.97483953506985
920,3.96675694945138
363,3.95303782045842
1103,3.93777084569667
5914,3.93027813570362
901,3.90776946689507
1520,3.89965653507534
642,3.89506224691215
870,3.88897291463178
545,3.88488621783014
1122,3.87273177144439
514,3.86223218318025
414,3.85115625044182
9032,3.84593470809197
869,3.84240426805556
385,3.80910810605066
924,3.80668541780091
165,3.79230386093729
307,3.78785023355946
797,3.78769769554038
1141,3.785589665666
595,3.78200453278196
304,3.76654749339119
1000,3.74666936674534
546,3.73463744620926
164,3.72971698795596
7,3.72833472400024
1042,3.69164533990546
540,3.68597765137834
887,3.68292174598643
844,3.67928180666103
885,3.67007415855634
1005,3.65933868861541
339,3.65435185268531
1176,3.63338125322456
110,3.62650631112684
1207,3.60796871334088
471,3.60273781611229
684,3.58129723114992
847,3.56966393343671
542,3.56390625399718
7195,3.56279083295307
1145,3.56234477954222
1069,3.54348490115633
460,3.54280306769144
53,3.54144030854684
298,3.53937024439428
1692,3.53677374918732
1035,3.52430741537723
8747,3.52270420323478
1022,3.51883918801676
1102,3.51856851670298
367,3.5139560779833
711,3.50852439212326
1168,3.47612913772991
48,3.47482762382692
396,3.46691404261479
671,3.46418865577867
1197,3.45417724851778
848,3.43705090650194
6823,3.43404959463546
1129,3.42605583901541
527,3.42572323424669
1431,3.42344440801374
8852,3.4090026061453
1204,3.3980692871344
1282,3.39705133645374
912,3.3901238446437
305,3.3869287638183
881,3.37749367808396
13,3.37522155048553
937,3.37333331354676
1208,3.34782658081137
362,3.34393096133325
1524,3.33862439605492
296,3.3348613068946
151,3.33410434695212
502,3.33075018486654
685,3.32805857778503
5229,3.31249783754833
1251,3.2865692114764
550,3.28526477649266
1213,3.26804167197411
1161,3.26800706102341
425,3.25631841583678
859,3.25604561255059
130,3.25525999777334
1281,3.24827298346092
366,3.24577130633146
16115,3.23281632858371
330,3.22395647366564
9864,3.21938127451084
171,3.21713026398228
1242,3.21420877151119
193,3.20895286958298
1001,3.19701396729124
738,3.18966748709038
1146,3.18594475368206
16996,3.18507551150592
354,3.17988957336082
617,3.16465731974056
43,3.15731641807543
495,3.14347097402449
1087,3.13366855390626
334,3.12887042017081
1313,3.12308835759985
9452,3.12278268090989
1128,3.11822017428353
14628,3.10430105872095
616,3.10393117562181
295,3.10068340062729
14713,3.08805625938292
489,3.04006818748763
8548,3.02996978787338
735,3.02932218889614
299,3.02044334704548
1640,3.01557458476126
121,3.013586140181
498,3.00496238206536
794,2.99971448695751
3443,2.99463764758187
461,2.99214581740475
413,2.96997454466254
1620,2.96692529988115
1541,2.96419584670792
157,2.95877334678108
472,2.95385372223665
1295,2.95356237220979
154,2.95247549124101
338,2.9476693578043
880,2.94301297396527
614,2.93682045197678
499,2.93469779442116
871,2.93140719356815
588,2.92476931181113
658,2.92460889464971
346,2.91664468257685
703,2.91316993610133
1760,2.89023573406445
544,2.88483907719086
1210,2.87151106983757
348,2.86174715876801
289,2.8566830417969
894,2.84855717130659
1310,2.81229622302952
1370,2.80925558459773
16914,2.80434864449638
325,2.80327469680525
1061,2.80082148987587
1048,2.79902408394649
668,2.79031729117998
8889,2.78773383435313
714,2.78676843818722
1116,2.77550814215916
508,2.76838051679647
8838,2.76291605240192
1075,2.75517392492148
1091,2.74874389358504
8884,2.747967627888
158,2.74521970889087
132,2.73576016091341
1049,2.72741297967252
16002,2.70986699444293
1114,2.70503510157096
163,2.70451729474592
219,2.69457381333051
698,2.68392507601013
17249,2.67963326482485
422,2.65359113478032
370,2.65188809557597
1165,2.64472975838624
505,2.6442541815277
1652,2.64403988422532
600,2.64300661149872
705,2.64281103948308
407,2.64027293496458
1182,2.63684879716754
484,2.63149445821092
6736,2.6300226345861
1072,2.60424465886742
896,2.60138714590715
849,2.60102937884417
1528,2.59758726465049
9458,2.59730538481246
9028,2.59591316713444
378,2.58421969547084
1599,2.57931259691299
1300,2.57492213729625
891,2.57032680602754
294,2.56877750570711
412,2.5631136373369
331,2.56310165800793
1133,2.56026664405313
291,2.55154261961542
12785,2.53661773759703
13288,2.53286882952386
168,2.53142393435889
934,2.52498962467843
549,2.51709233939857
713,2.51546959228528
9034,2.51082364815496
1202,2.49985804969185
1110,2.49919782463624
13350,2.4988800639712
1023,2.49756432692917
10194,2.49682564399422
1077,2.48694932933879
1123,2.47795086947547
313,2.47346457819796
1055,2.47014227578254
1132,2.46985899501368
31,2.45275005853805
634,2.44821297860544
1260,2.44269671885078
727,2.441283268582
320,2.43641730650599
1561,2.43450416059112
773,2.43350528678181
1098,2.42762095086996
2190,2.42357592825371
264,2.42132000974575
791,2.41829069932577
9016,2.41052647066587
1143,2.40873059110472
290,2.40014078746794
874,2.3991059565295
1509,2.39497856397804
1068,2.39273115459254
827,2.38081255458254
706,2.37506792673731
1569,2.37240823017975
340,2.35873137929607
17141,2.35625421214011
146,2.35362143974305
292,2.34189710517078
9462,2.33974980076628
358,2.33176028393217
288,2.32470640408718
12453,2.31920922012512
8979,2.31464009412865
488,2.30532071912998
8860,2.30401760568445
597,2.30339622003153
732,2.30275119596429
504,2.30214071800393
609,2.29978905314871
1105,2.29646228368427
99,2.28733815336164
306,2.28726705585273
297,2.28514228315418
1074,2.28420933008243
1079,2.27384659590667
287,2.273614493468
638,2.26943853141687
553,2.25687484843979
1206,2.25628109341325
9036,2.25557072723787
312,2.24760009280684
960,2.24201292364461
1167,2.23130041321907
4,2.23001320875342
16913,2.2244884863716
855,2.22116273066808
525,2.21794343762211
823,2.21665824181362
599,2.2111662752549
458,2.20684744725811
214,2.20171480253737
1002,2.20157314264479
17000,2.19206227096396
1471,2.18965201528412
9460,2.18800072199348
485,2.18695323919724
1588,2.17660357696275
696,2.1746251941982
669,2.17379849279847
5653,2.17332066141029
680,2.1702471274955
119,2.16986148211544
72,2.15921423674011
1731,2.15356164120964
895,2.15257995775775
1017,2.13545899488223
344,2.13115695035786
651,2.13051469897378
558,2.12880889622441
561,2.12846581908868
1187,2.12740375890174
615,2.12503965764949
16909,2.12042263135691
535,2.11996745475816
555,2.11996224894157
1379,2.11368607994517
1004,2.11230283453307
141,2.1079172299747
654,2.10684662300123
1293,2.10655432546766
1622,2.10530113978144
13291,2.10415797519962
1301,2.10280674802474
482,2.10208601531731
793,2.10130114646284
450,2.10012511795497
377,2.09533422585709
335,2.09403167118938
1024,2.09336722975661
1094,2.08925779419511
454,2.08499772404955
475,2.08312601897189
1544,2.07223044490321
222,2.06708208721678
120,2.06642524500053
1038,2.0635565869148
216,2.061790405261
13283,2.05932453147213
353,2.05666185258899
446,2.05563584433111
1356,2.05303251719257
1294,2.05190562130372
612,2.0507930672094
266,2.04782261723844
1248,2.03462034738067
1463,2.02615032909511
8714,2.02430016952118
902,2.02189018922459
15744,2.01694266369012
1241,2.01122481536254
611,2.01005189955329
13146,2.00520954094896
1409,1.99795622153107
1231,1.99729263369159
900,1.99226841536323
1512,1.98828692799252
929,1.98673868472676
788,1.98371246183681
1304,1.97954194602437
1033,1.97925346849162
403,1.97191684463005
839,1.95339435954849
957,1.95110850180574
355,1.95008846957068
282,1.94317315528253
8757,1.94089089208087
790,1.94088557356954
9455,1.94052055007733
35,1.93838380633039
15743,1.93620353933226
9294,1.93460004739271
529,1.93201345139259
8768,1.93136002509099
941,1.92497446444346
9500,1.92467999054867
101,1.92452239189603
725,1.92319538247851
1312,1.92211899058003
1527,1.9217804815485
932,1.92078653732286
1082,1.9185963829062
4852,1.91691478208334
1193,1.90623844154949
583,1.90424617164383
528,1.90367115721793
5725,1.90149189746893
323,1.90140857118075
1557,1.89994916107456
585,1.89924889360216
1057,1.89799860188686
9151,1.89017453134419
1085,1.8871222296833
1032,1.88022954657241
731,1.87870178076131
536,1.87566553893403
1027,1.87475132775197
1160,1.86970229459474
951,1.86609494713392
192,1.8641691573347
736,1.86229236598176
1065,1.86041741841526
1466,1.85947584122594
302,1.84932152028681
1650,1.8482535128954
108,1.84360979166408
424,1.83928565011428
1224,1.83905958088231
695,1.83870240961437
1764,1.83738043429497
50,1.83621802816592
100,1.83486668987849
1586,1.82993140046417
433,1.82857816693951
943,1.82342545884713
92,1.82116733943572
1488,1.81798935529743
148,1.81760732370445
936,1.8160287493799
1525,1.81595658907276
113,1.81197223482709
1010,1.81189871753821
1592,1.81121911971343
1697,1.80887303202414
700,1.80753005863557
177,1.80288126378302
1766,1.80201449151749
315,1.79299120513481
350,1.79262506631142
610,1.7919291911182
534,1.78930741734882
418,1.78915570967179
835,1.78848904050303
9025,1.78220868104295
518,1.78167059758952
1181,1.78126891634434
796,1.78092047177325
16917,1.78051511031569
983,1.77821632322672
589,1.773676823892
5458,1.76636993220258
12,1.76604443900084
6940,1.76553353106077
156,1.75963573363917
12105,1.75952341332143
1365,1.75536868260988
1106,1.74925841462071
580,1.74734566009091
618,1.74240277730018
899,1.74079176550224
483,1.73962462950324
1584,1.73804169927394
1475,1.734695983165
137,1.73465006438468
656,1.73434104046157
1080,1.73385642058145
8873,1.73308017720537
573,1.71694308335413
15739,1.7162914935057
1067,1.71507460905314
9454,1.71414679480592
737,1.71323082376778
220,1.71303554492547
606,1.71193295151556
169,1.70950899604484
436,1.70734961051895
80,1.70543377266382
496,1.70126191005291
697,1.69749964354145
1134,1.69461343676047
1510,1.69436824816637
150,1.69422835355464
1186,1.68761367947881
893,1.68735632992792
434,1.685467873603
1045,1.68536021556105
387,1.68354116241283
501,1.68028497948005
13660,1.67864166528612
845,1.67749468629815
70,1.67643975882734
15423,1.66665401118346
343,1.6665173862844
1703,1.66314307352044
1245,1.64945955144083
548,1.64820163335085
8743,1.64742045430627
1649,1.64464030010448
15140,1.64065513703521
235,1.63862077281249
349,1.63811367702051
91,1.63550755313733
466,1.63386111326299
809,1.63071960736495
584,1.6262816248185
1199,1.61442861506456
591,1.61385468501052
9137,1.61237251360405
181,1.61229257200399
1011,1.60923633228905
1574,1.60906239427389
390,1.60875316011527
1297,1.6067133759717
7205,1.60641553059349
17614,1.60512231170652
707,1.60430115734798
12569,1.60337737425385
16044,1.60164067525888
1007,1.59690424014072
3308,1.59379310110173
10,1.59281817348193
1358,1.5902430565761
114,1.5878939246468
153,1.58450141255626
161,1.58095299384402
1003,1.58037341622203
8610,1.57701777881795
1262,1.57446321727095
1376,1.57326299470499
907,1.56442300678439
1720,1.56281970309491
942,1.55927718327551
999,1.55815188622926
111,1.55718203862116
1396,1.55668658450077
724,1.55427182701126
692,1.55321193316498
3686,1.55150321317003
54,1.54933860128908
456,1.54890538916543
655,1.54442174992501
515,1.54337581503927
246,1.54160348005325
15079,1.53856271811782
7197,1.53554571744423
29,1.53161735275522
795,1.53018206332471
4426,1.52919058866635
1269,1.52772316535665
1127,1.52629611637326
1140,1.52576824919956
9030,1.52557479409332
13435,1.5245776487808
689,1.52327092571873
867,1.52259697577499
279,1.52073311468909
9145,1.51266579431447
1421,1.51006906438721
1119,1.5099182249842
985,1.50794264398928
811,1.49712292544798
1036,1.49645643605573
1148,1.49202333807936
360,1.48884627361053
1679,1.48671747511433
522,1.48632721468006
1390,1.48540142162399
1404,1.48318314990685
693,1.4828657849316
16283,1.48014876621785
226,1.47961575356533
1037,1.47930251448998
7721,1.47852865835622
592,1.47711609752857
1259,1.47468011744099
3064,1.4726084366997
1209,1.46365539073088
1026,1.46296148693373
138,1.45882178038318
56,1.45791439652057
7208,1.45573439464753
8190,1.45549519795892
930,1.45503428206327
1130,1.45442085801353
1503,1.45014328235008
427,1.4491411599642
14677,1.44728461271987
6,1.44643662484573
1232,1.44308977072902
301,1.44296647126761
853,1.44220696406511
273,1.44066288043995
1690,1.43900822299008
74,1.43594836413938
11,1.43396964481515
1219,1.43299638011999
1229,1.43030347293573
903,1.42908108103799
1194,1.42885120129003
112,1.42878567419172
423,1.4265335567028
524,1.425505482413
166,1.42042931601822
789,1.41896315962691
183,1.41791705223547
613,1.41732788849029
13293,1.41549945673752
1508,1.41490028760193
1230,1.40904458711941
13284,1.40582749714982
1113,1.40190860719248
637,1.40025674253563
87,1.39868398245176
8696,1.39722883843535
76,1.39389430325583
802,1.39384319297736
598,1.38755313688321
808,1.38618440253194
519,1.38608423720408
1078,1.38153416723534
969,1.38052885447935
554,1.38041166847312
1153,1.37761106103216
9829,1.3766919793689
687,1.37652317322929
1190,1.37304471387293
890,1.37212378560717
1381,1.37094457876761
959,1.36818045168466
254,1.36436668518785
1570,1.36320979605125
1659,1.36083722867885
1323,1.3602033620425
1050,1.35875009629748
850,1.35864835489015
1674,1.35816727029938
391,1.35396479711314
9703,1.35215423561235
509,1.35148869361244
1195,1.35140137710978
16663,1.35030390324326
237,1.34654430263412
1621,1.34380020731185
487,1.34357622232424
8834,1.34201116121811
107,1.3414878301137
1188,1.34023254232436
98,1.33658352524912
818,1.33061978426836
10271,1.32048374500998
1452,1.32024708478268
9142,1.31845327990937
1566,1.31803007523984
1326,1.31735849338157
8862,1.31487780250307
798,1.31311304146261
397,1.31138049904647
30,1.30826147500464
14,1.30735168954124
9151,1.30732968527303
820,1.30456270375935
1763,1.30399685543111
16911,1.30371654757645
675,1.30082555136318
10039,1.2987059610249
400,1.29639884139602
861,1.29357109060296
1302,1.28798689446684
799,1.28465428409937
1723,1.27756710343174
208,1.27592005783247
739,1.27542025846818
174,1.27450249002073
632,1.27287568620842
702,1.27148496864412
1173,1.2699843586148
255,1.26979472544019
13286,1.2683939032861
1435,1.26452616380855
451,1.26376692349373
1166,1.25969604808886
1726,1.2590862196309
526,1.25700876561547
5,1.2525222408434
1337,1.25033234212116
1546,1.24984973504282
1615,1.24803567361095
7201,1.24717353145883
19,1.24632904446461
1307,1.24547312074251
14215,1.24483118749904
8699,1.24412619302087
1124,1.24164134770856
996,1.23997915447213
13073,1.23918370880671
4175,1.23858081796706
1192,1.23523429096905
45,1.22953087972193
1684,1.22933384042206
7207,1.22686843538914
1183,1.22628674091559
1056,1.22447299995333
1386,1.22131734208766
590,1.21876857375848
1474,1.21812475121199
1424,1.21668083867716
1211,1.21487523035361
4081,1.21485689510758
841,1.21436129932606
663,1.21385843055878
760,1.20720316330178
11251,1.20654694806602
8853,1.20624266800533
1303,1.20445209313397
997,1.20418477780755
8885,1.20393072279035
1066,1.20330489155088
90,1.19892601979541
825,1.19762941666923
16045,1.19473098983421
8551,1.19412511561469
1149,1.19316332630665
1437,1.18881999871903
565,1.18818465115002
9,1.18755601574374
182,1.18660508126591
1159,1.18613826132683
217,1.18509268572945
918,1.1837529478963
13214,1.18200449794246
1237,1.18174046102916
649,1.18156394895954
1408,1.18127298756614
1462,1.1803431548239
682,1.17949671412008
1420,1.17887480142747
8,1.17481004391042
1152,1.17370032917313
1233,1.17283805043677
1369,1.17239398715566
1015,1.17134510223905
104,1.16953086999245
59,1.16568352614715
576,1.16443879028929
15139,1.16349130704254
817,1.16212822346864
1083,1.16173536026402
892,1.16146135938721
1395,1.15945164737997
556,1.15914992945006
830,1.15751110279918
674,1.15304802807637
1292,1.15232862298982
800,1.15207945367013
1573,1.15164532848062
1234,1.1511585897536
832,1.147863204075
8638,1.13944968304202
16662,1.13920833752188
393,1.13853341971739
819,1.13751141588754
1109,1.1370999407462
635,1.13554102896741
12139,1.13364305158269
115,1.13265985107668
1203,1.13219971256934
836,1.13088980868162
1171,1.12477914566137
17635,1.12470999931629
11812,1.12283126581956
741,1.12252176433318
392,1.12157421816676
10045,1.11990527210141
801,1.11832194844784
438,1.11482599313362
1096,1.11292559888861
683,1.11264930911042
1425,1.10992562584487
2363,1.10874168332153
1422,1.1047362074782
57,1.10456011107268
1257,1.10354415349987
462,1.10030476394443
1449,1.10022946632622
1243,1.09966029442196
1545,1.09809623208115
766,1.09749019482169
596,1.09280775416485
473,1.09036041580489
394,1.08873058304741
1296,1.088570633702
3231,1.08695748123317
979,1.08388878175538
9029,1.08249084754934
13281,1.08174789151529
729,1.0795163108928
58,1.07710217487982
12651,1.07635471929292
2303,1.07621857502533
948,1.07404724997945
1722,1.07345753194416
162,1.07230349509979
376,1.07141599532583
1180,1.07038397241285
1547,1.06777933538662
879,1.06774634247921
1678,1.06693335951978
1631,1.06648116060306
1432,1.06611431256029
8777,1.0655314718897
1552,1.06475245812111
15297,1.06373621412872
604,1.05862062822625
232,1.05831220309422
6735,1.05549721939618
310,1.05467492630163
15,1.05445935392627
1663,1.05389254820075
60,1.05344284714059
1044,1.05310193350046
257,1.05301062247645
155,1.05205698075705
1793,1.05138693671546
15765,1.0498607844003
575,1.04881456877278
1279,1.04833849369533
106,1.04705796316767
16803,1.04550305127455
889,1.04399528220301
1450,1.04213698201594
1688,1.04134627783339
1147,1.04126406584232
11176,1.03878451157927
6856,1.03878057625276
34,1.03871707008513
448,1.03621439380585
457,1.03337349979566
1289,1.03125208635935
2869,1.03052328652921
9139,1.02939696214948
559,1.02639806735905
13292,1.02544208309015
1013,1.02377829449106
2008,1.02341081131288
917,1.0230773637596
785,1.02269327716721
7196,1.02043607830642
9461,1.01747536323791
15371,1.01739032556372
17,1.01687163238798
1062,1.0150129165751
2076,1.01461261780155
1286,1.00988828270095
9297,1.00859941758183
1126,1.00748480945451
311,1.00736455866018
389,1.00380429397371
1328,1.00335622314804
1391,1.00140976757269
1125,0.99914997149912
16919,0.998811164698756
1272,0.996444348551788
69,0.992889190068336
459,0.990591582943665
1324,0.990494268241291
1445,0.987251193776261
1150,0.986385947978765
1009,0.984183412248294
1519,0.983359502412452
1642,0.983336079303775
883,0.983124741241952
9014,0.980698292248361
1494,0.980498140335368
563,0.980457708008463
1006,0.97672664002939
465,0.975821438322894
38,0.974030124827859
956,0.971996513099504
381,0.971547263179349
5371,0.970399325849063
3471,0.970365462479807
1250,0.968416452727766
1405,0.967380339061876
1135,0.967223122303339
469,0.967012443918097
1563,0.966135547126722
1660,0.965924552773824
415,0.96451903214274
1162,0.961600756568029
992,0.960841650680642
1530,0.960034159141855
278,0.959568575560347
1201,0.954146956003393
13653,0.951294168348959
690,0.951065545341937
1433,0.950189807471105
8788,0.948177379762105
1686,0.947953752686459
1218,0.945181980250653
1063,0.944975457614359
1440,0.943895801791619
1634,0.937354159717899
552,0.93628649535629
1638,0.936094532945207
1706,0.934263019499329
1084,0.933680706513388
1382,0.933444621311797
357,0.931455200242755
1258,0.930100637200868
1415,0.928973778065183
653,0.927843923919348
1256,0.927629529986091
1270,0.927531756282905
185,0.925256591883778
322,0.92449285750618
511,0.924252431998321
8844,0.917834139319056
661,0.914875807485067
1762,0.913476195985742
159,0.910126544432592
1591,0.909691780015002
1636,0.909341924700722
276,0.908788373540314
1142,0.906708535315075
13837,0.906531735344683
13282,0.905494010951837
964,0.902652064864674
1434,0.901559646809047
1154,0.897942373537631
1460,0.896441219240026
1163,0.896319728388637
10288,0.895973885553367
1589,0.895936251895832
623,0.895617952146595
1647,0.895455428794181
531,0.894383800512929
1314,0.893148287745972
13285,0.892678915750166
404,0.892411076138552
977,0.887722559535643
1175,0.887477063439574
318,0.887162988228905
955,0.885747727995583
990,0.885608175160585
877,0.885031911454102
1430,0.884379178780526
490,0.882109934275405
9019,0.881380964382924
812,0.880607008062118
1535,0.87966767067011
1108,0.878886704302595
834,0.877848799700691
779,0.873818472510567
1476,0.872679199957547
1429,0.869371083395234
16984,0.868691198735687
1698,0.868180678207205
537,0.867780709308884
122,0.866633964623671
630,0.864295203000323
939,0.863726049731462
587,0.859145937556345
662,0.856781555472073
1099,0.856351684436236
624,0.85601835296947
1461,0.855678059190084
1531,0.853661857882977
206,0.852323350520356
1507,0.850562383656796
1100,0.849937694105622
906,0.848935755595981
786,0.848470906060121
9155,0.848462323215901
1196,0.848261210766738
1179,0.845814896524701
1439,0.844626615683769
1339,0.844112834124717
1169,0.844084216557536
1311,0.843695164922164
1468,0.842818954381491
1097,0.842681450808321
4510,0.842653702975791
1501,0.84196293660718
716,0.841656800525855
645,0.841179704166799
1442,0.841150089463179
516,0.840821551346204
453,0.840580549993986
626,0.83824698994504
1378,0.837685975368486
143,0.835521814448668
103,0.835244478853774
15489,0.834887672759402
1564,0.831890636770711
520,0.83181626941109
1244,0.831395339821812
828,0.829786135744157
1021,0.828540528781798
8755,0.826577189919342
1489,0.826045829578408
1532,0.825120465416122
435,0.824442022329728
1506,0.819736648045698
650,0.819005005517583
569,0.818931018376243
1470,0.818757133840338
1657,0.817721629463981
1717,0.814180014461873
324,0.814040110379495
94,0.814034906619043
15747,0.812932062660986
608,0.812310623124062
1136,0.811373532654301
68,0.810125824200333
1542,0.808735101566952
804,0.80679296264317
1076,0.80677509713945
1315,0.804956359092699
15386,0.804379623252119
16916,0.796854981430281
1493,0.793716711768582
1412,0.790918622297612
1393,0.789813129809005
1799,0.789792141778497
1472,0.789628656206408
15531,0.789119989210388
562,0.788671893582172
787,0.787209087826322
1060,0.786187190513516
1172,0.782596606091059
1536,0.780317758372278
1331,0.779818495724451
173,0.779286742004713
1487,0.778772823454409
1443,0.777276618877282
751,0.775570934984235
13141,0.774776277911796
1737,0.773524854362234
803,0.77334368832671
1081,0.772594147435945
605,0.771262999110917
1367,0.771198283507001
140,0.770747044999999
1309,0.769657390925372
1267,0.769319187119662
925,0.769149023320668
1467,0.768838940617968
464,0.767604093796571
1051,0.766931097242935
523,0.766771537066525
463,0.766549290424547
39,0.765753394428458
16234,0.765049679019817
205,0.763873002044555
42,0.763764236388961
821,0.762883194256597
16878,0.761924421873737
15701,0.761585532763437
975,0.759308719292696
17462,0.758715320142145
105,0.758645215409855
854,0.758632097001423
911,0.758553241758944
1491,0.758391626940786
11839,0.754573404897466
191,0.753455517460498
734,0.753158235686214
73,0.753156152820959
968,0.753038411194522
1236,0.752713290483743
455,0.750933093017233
953,0.748603640811811
176,0.747144229516888
1771,0.746744533916471
784,0.745172078666243
691,0.743655903105423
395,0.742871876575603
1553,0.741299031258527
1755,0.740466942829801
1413,0.739766733623396
1398,0.739164858279626
940,0.737976498267222
102,0.737651586379282
49,0.735257835407717
207,0.730391708482277
909,0.730124886149211
200,0.727340145271838
512,0.722169150315372
11283,0.720526438844491
667,0.719916277985283
1215,0.717059308616587
126,0.71600372270144
9182,0.712965733311433
1453,0.712747522114711
1059,0.711015050942723
813,0.71065428308069
963,0.709016933128972
1308,0.708066037709784
1700,0.707835949376543
1158,0.707183975977761
1280,0.706770076542855
1635,0.705136194845754
1444,0.704794829655758
9825,0.704198140263262
236,0.703693548991547
93,0.703402201970823
11010,0.702111432920202
1287,0.70195823682435
961,0.701941518789564
783,0.701581648400047
1380,0.701197447874673
1214,0.700161071450617
1185,0.69896067320065
1205,0.698628651673902
916,0.698002683708681
15927,0.697931051485192
551,0.692569739897471
1340,0.692065276536574
1539,0.691835412593102
740,0.690702154471819
2179,0.688269643968612
1388,0.687471130221021
1675,0.682050094456908
3944,0.681893675313509
1736,0.681713812182062
1155,0.678227940148079
1200,0.677428402027197
309,0.677231571138101
1605,0.676989538334637
13268,0.67595366823094
197,0.674257297515054
1095,0.669988275443801
470,0.669899029694607
244,0.669775814992889
1222,0.668994606976566
571,0.667228445683844
203,0.667169255434806
1288,0.666236420790772
1333,0.665739687321362
1869,0.66519148504711
426,0.664740072041208
16729,0.661199676675249
878,0.658569618015196
1414,0.656589565942859
622,0.656044266679946
1144,0.654115019606383
986,0.654043924789955
1316,0.652918479564231
1170,0.652752376880029
1178,0.649397335965208
1464,0.648904569390708
8976,0.648338491216614
1485,0.647376934344083
1025,0.647123078834645
1184,0.646373007581856
14209,0.644923795387189
780,0.644603045020527
1354,0.643513583400576
1571,0.643487641302244
829,0.643189771829075
670,0.640517755494137
864,0.639939827378552
826,0.638622777958796
621,0.636596156383838
530,0.635688211319943
1111,0.634780647387068
1641,0.63447177883844
1458,0.634417141332011
3060,0.633647289413671
998,0.63276206362479
1669,0.632095280557116
582,0.627639171754821
9141,0.627390279206326
12315,0.626758218008485
242,0.626681067344309
532,0.623737312548344
560,0.622484038183782
837,0.62210324449686
1618,0.62151877256422
8674,0.621499119840017
8195,0.620766161035483
1330,0.620646372158702
1511,0.619446720452901
973,0.619098299962332
228,0.618475275482032
431,0.618420363583619
866,0.617931968631389
8848,0.616340413758905
1383,0.616116567780058
7210,0.615235542564013
577,0.613880206497893
681,0.61297136958752
8204,0.612605988954929
1327,0.611602281282479
1212,0.611549290034697
409,0.611528144070288
265,0.611274305153899
1325,0.609196578718271
1317,0.604051397173267
1299,0.602031190544824
1174,0.601147818798931
480,0.599527242446033
97,0.598587430745136
4005,0.597111755535667
660,0.594060767476786
17675,0.593354095124222
437,0.591682103548035
1329,0.588047845496169
3329,0.587807029801721
1716,0.586571200726953
1676,0.582498510453475
272,0.579490724537814
1019,0.579072408828687
275,0.578401943890212
251,0.577712179115319
1549,0.577347935436454
7782,0.575033694853267
1223,0.569836384010432
14105,0.569269145340564
258,0.566380963157171
1012,0.565770405003795
1247,0.565300190441059
1220,0.564944819710136
1459,0.564730546803459
7826,0.564585985837826
6414,0.563435779165592
1177,0.563140271681169
14384,0.562821500852633
1597,0.562539817605356
1448,0.56223509081399
678,0.558715829297214
1496,0.55865825191437
71,0.55710735546116
1655,0.55697052399473
1477,0.556933022761167
1438,0.556819026612464
13289,0.556679347714348
746,0.55662724320447
17290,0.556526855700699
1265,0.556521156493132
807,0.556050277821688
1253,0.556000318359155
1457,0.554814398417593
233,0.553234985916518
13828,0.552512858518697
17652,0.551244182245374
1498,0.550024119544595
1751,0.549114923972367
1014,0.54752638529053
1683,0.546285900542219
314,0.545128818832275
8868,0.544146643800937
1335,0.543914891226253
223,0.54301440356008
1411,0.542433849805985
8833,0.541819351072075
1387,0.541144765294316
852,0.540954695441482
10596,0.539551545395542
851,0.539075736928865
82,0.537465800398268
51,0.53695219607217
277,0.536767231259508
1465,0.535141830969277
1191,0.533719033547186
270,0.53290384627745
16,0.530096060961159
1514,0.528852393806693
1366,0.528831776017411
581,0.528821676428089
822,0.52738396491358
88,0.527251948983733
9828,0.525215412872026
1743,0.524799295806332
1484,0.524466245061551
440,0.52317005630383
491,0.522304101016162
567,0.518778580633081
7148,0.518666886784365
83,0.518139024374618
319,0.518008379175699
1054,0.517646605925202
1238,0.516907520785274
1332,0.516517964280635
1423,0.516243893975936
701,0.515566286737601
1518,0.513123528873674
7145,0.513011733206954
1473,0.512311605540737
976,0.511949717781031
1446,0.511494873404931
875,0.510592400868631
513,0.510448384490416
1543,0.509053413322735
13279,0.508132585433806
715,0.50739436420316
721,0.506536032970055
15982,0.504010166344273
958,0.502883036577401
1739,0.50193424606219
1637,0.500436875373941
1490,0.499407002320824
1478,0.497420050124906
984,0.494485220800523
995,0.493854523384528
607,0.493724606192188
1537,0.493597209615016
1741,0.492591025734788
1407,0.491305124245897
666,0.489471139400735
16704,0.487555949601742
1416,0.484033400909105
9840,0.480530349532505
761,0.479257175365274
15384,0.477090934049362
239,0.476093010546349
8692,0.474186055021577
13300,0.473414931068471
1274,0.467845728394
250,0.467221693535375
1792,0.466915339246483
1298,0.465894145390816
452,0.465333341082108
7198,0.463865851770306
52,0.463753986504778
810,0.463553265632596
1711,0.463500037449009
564,0.461665856517507
17335,0.460769297902008
1481,0.458064413402604
640,0.457876374655954
1602,0.457695474730141
1336,0.456343840152602
7202,0.45629402786012
9824,0.454508820117168
840,0.453171454177869
15281,0.45313898533419
1562,0.451347377494008
1264,0.451170884971161
1355,0.450713723594025
1018,0.44964724783407
10027,0.449051626029256
11478,0.449036726192681
449,0.448928406514283
1811,0.443795316927625
1426,0.44304888521291
13029,0.439510505999329
186,0.435115482191278
3046,0.433196215408164
620,0.433105619188253
1526,0.433049898698538
1112,0.430755246484145
1500,0.430719075567914
1235,0.428919789836335
430,0.428723686081644
921,0.427998841816617
1285,0.425846248492903
7200,0.425397495703139
1225,0.423623330089762
9841,0.423582348387248
13290,0.423124344656351
1275,0.42055927357102
67,0.42028192956561
950,0.419229052781374
8847,0.416498664077588
694,0.416446903972527
994,0.41633747862379
1428,0.41213687033276
96,0.411601803665341
688,0.411234970432615
1397,0.409985851873207
1632,0.409547939352286
619,0.409427981447209
718,0.407739016964655
17674,0.406959331928213
1555,0.406474473932732
767,0.402969016102522
16730,0.400995573170944
8649,0.400629611723692
224,0.399201925838162
1227,0.398779864368865
972,0.39829563352293
753,0.398269367186384
8335,0.397504011361044
9185,0.397232841460381
1371,0.396496711955964
1732,0.3952146882755
13280,0.39485030602864
16043,0.393855960004793
447,0.393158923640961
123,0.393019777362384
1587,0.392124387835567
11179,0.391717555829236
831,0.39012213892452
719,0.38661811081416
627,0.386394078162646
1321,0.386142146329787
260,0.385864193567423
679,0.384861651061837
3667,0.384771261333289
1254,0.38414155018787
12301,0.384000045256278
566,0.383688693883501
269,0.382528927782348
8707,0.381873277088198
993,0.380880914997641
1417,0.379896361148227
16238,0.379040030015167
10450,0.375593776062867
8854,0.374832316710557
1399,0.373236364060437
4714,0.372372356290053
833,0.37215718811137
9831,0.372071110272819
213,0.369065779155235
204,0.369011059753027
1656,0.369001684627594
4320,0.368576832505392
1603,0.368359344116267
676,0.367675320803514
768,0.367205772099256
1318,0.366987793898681
9384,0.366782011377424
677,0.366426880936889
1941,0.363109986830182
241,0.360094059636629
9149,0.35893655552423
922,0.358680677938434
15738,0.358191560674763
9676,0.35753421842684
1687,0.355460739291605
1693,0.353022967826946
9830,0.353007755179367
1499,0.349343982635848
1226,0.349022152995514
11164,0.348395395386958
6152,0.346505471937068
1277,0.34568283933689
1469,0.345459612705813
1648,0.345088542831658
646,0.340502737951865
578,0.338359225762829
1482,0.33505137496911
1600,0.334380184773137
1427,0.33380380398422
1291,0.332579128278667
2699,0.330524398631336
13076,0.329797289256921
8840,0.329037972376131
625,0.328341290624535
1513,0.324867632675717
952,0.324465221231935
816,0.323419337777573
17583,0.319251820105022
1319,0.318881551133478
947,0.317463717531014
1240,0.317036978447769
7216,0.316053985541761
77,0.313114391326162
1515,0.312560719522603
1572,0.311490645542535
12456,0.310767700613549
63,0.309814016890147
1756,0.309604587884292
1290,0.305538573924388
8855,0.302914031776667
8752,0.302360518071919
1538,0.300288002137143
8861,0.30004001866208
710,0.299217456033795
1742,0.298464856191045
1441,0.29746114167023
1320,0.296956739135649
170,0.296893475744767
8893,0.29536790030509
946,0.295287773673464
2028,0.295224444423399
16193,0.292140790180758
1252,0.291725686457875
557,0.291681914325108
6469,0.288275381602194
1436,0.287804047971311
521,0.287359192100627
1273,0.284226609336995
196,0.283510829828489
1601,0.278300037450169
1495,0.276216389535183
10738,0.274577360266523
1658,0.273649664850254
3757,0.272205432132878
1568,0.270786764101848
579,0.270478626202026
652,0.270169719493558
769,0.267679951681
982,0.267516177834171
201,0.266640127562819
723,0.266280306405707
1664,0.264364411541528
748,0.264282362832016
752,0.258519214619311
1715,0.257659922132917
1701,0.255190877304266
1579,0.254781171480171
8832,0.254591168487385
757,0.254073133536709
16732,0.25339723088156
775,0.250036259280457
1670,0.250035771334284
1580,0.249273452884573
586,0.244875873047562
1401,0.244005425164816
1419,0.241222432329136
9675,0.239689829296078
8206,0.237611733589149
8872,0.23682026897141
1406,0.236158946148869
1447,0.235640159205776
7276,0.233133038257694
8604,0.231743437867323
12455,0.230679081426077
78,0.230185595048617
17719,0.228100982238729
966,0.227629958282315
970,0.226378761669597
1157,0.226363958263873
8732,0.225587516019993
1384,0.225543422763612
971,0.225464661586193
8797,0.223705622142096
1276,0.22299130179089
1334,0.220811914195369
13298,0.22012701326515
37,0.219516238956859
15920,0.217585477456758
8870,0.214348526535028
1534,0.214243834980673
13090,0.213975853374591
7084,0.211825195258798
7733,0.211239509896922
13258,0.209765722030397
8895,0.209446897659501
824,0.207966215922497
1418,0.20552773560615
321,0.205492470651958
1497,0.204904385530349
1550,0.202013754495483
17058,0.197486397261541
4387,0.196018983448487
1735,0.195324919050331
1681,0.194916233118089
686,0.192499640799125
8871,0.191288003875812
806,0.18960417078412
13805,0.189403847828766
13671,0.188537907735546
1228,0.187914616133042
1479,0.186551001212308
15372,0.185817269890253
195,0.183241939894769
1156,0.182653370800222
15239,0.179868110413678
967,0.179620072772886
717,0.177535057793914
1164,0.176501393302897
7157,0.175385719096419
1653,0.173765713509741
408,0.17327493770545
8458,0.170348126736088
1666,0.1696690107294
1486,0.169665999742561
95,0.168650342321626
1654,0.168189941868757
1673,0.163900328618216
1708,0.162431815861282
1709,0.162205457163631
1551,0.162087264885473
9873,0.159579340302987
16092,0.159131648247601
1576,0.158819260161796
1403,0.158538141023
79,0.158432918562928
327,0.157910530508531
280,0.157287883937159
17593,0.154535633699042
44,0.151822303089106
1271,0.15072620037378
1559,0.150542388099656
974,0.148816918049373
777,0.146843304011057
568,0.143731854923282
1668,0.142496333759513
256,0.140836719322274
1768,0.139734268317226
274,0.13883912696116
1661,0.135614938120153
776,0.13514055418876
1533,0.133265526180094
1483,0.131778962180028
13322,0.13070295847395
261,0.130652285977503
814,0.130556422628236
1665,0.130537884824505
1753,0.128131102725554
1646,0.123826802149589
1373,0.121179219985712
1719,0.120504013433771
1667,0.120045334579325
6510,0.119331025268116
9684,0.117003831365517
1268,0.115243327678399
981,0.115013709318482
1517,0.112769046886489
980,0.11216048953669
1691,0.111957933354475
954,0.110545836189136
8896,0.108959253874204
12457,0.108565948499757
1480,0.108270059912203
1556,0.107398051990384
1322,0.105090647601616
89,0.103149580312164
792,0.102385089184762
774,0.0985246378251546
1581,0.0959094903952896
1738,0.0959004449649436
1221,0.0944984636750465
9994,0.0935944932142722
1540,0.0934346636886037
2021,0.0879327409348759
12625,0.0828487281250783
129,0.0793079572591495
722,0.0741544499278922
1263,0.0731032729499834
962,0.0707013194055226
8553,0.06879956548707
860,0.0653990005163651
8205,0.0640883879479373
1410,0.0637470452610516
1216,0.0637131620260721
1662,0.056939499320733
8892,0.0565720309129185
66,0.0546489840578676
75,0.0524603406031966
1682,0.0513764546351792
1733,0.0504228072321965
1740,0.0454229121591163
1680,0.0453875704774689
15238,0.0382864370884759
13295,0.0335476695676062
4479,0.0317268377100403
1548,0.0127133517955981
