int_no,pred_counts,ranking
1092,19.316431072768626,1
317,17.391324304268807,2
410,15.660970341849852,3
863,15.658972551569866,4
601,14.67877286227403,5
533,14.067068402109363,6
386,13.728316162367703,7
411,12.817178906223491,8
593,12.807561504312607,9
1198,12.145879364782365,10
931,11.90699590200175,11
6044,11.18328581832809,12
517,10.923328656043696,13
421,10.773077113427702,14
428,10.28677920722638,15
904,10.04459889473969,16
1266,9.839885475245394,17
539,9.814834550326307,18
284,9.78568862191485,19
128,9.775439628328812,20
1633,9.744335654730213,21
211,9.51102854616017,22
444,9.311842549158433,23
873,9.249162690010175,24
1042,9.210442976475553,25
778,9.20238671688544,26
629,9.187380581482744,27
1046,9.127367471038147,28
1029,9.055209567701128,29
8830,8.978752476713414,30
886,8.971310200632724,31
1249,8.96911965027924,32
1104,8.85199697690564,33
1283,8.810121005327092,34
1090,8.792691581680211,35
286,8.684293464621836,36
1064,8.467700942992153,37
406,8.441387229382734,38
1685,8.380570774268879,39
47,8.228898213043438,40
8256,8.123150355827967,41
1117,8.104736084381464,42
1138,8.08875087447251,43
602,8.049586496970742,44
481,8.014625303464266,45
805,7.994836004497244,46
385,7.957200155042204,47
868,7.833084295338908,48
543,7.785845304605622,49
712,7.760555001511044,50
538,7.736861030960747,51
374,7.5121501947799105,52
1375,7.413134321131913,53
8863,7.407188420477602,54
1239,7.385477389293341,55
628,7.352347752736483,56
708,7.189227794285935,57
910,7.176181283488575,58
1043,7.144503787034017,59
2,7.0688028178964375,60
1020,7.0676450375605,61
416,7.002645356049811,62
846,6.967852538298728,63
570,6.836090053840968,64
545,6.826500811345157,65
1093,6.816631036978234,66
1278,6.756232959393956,67
872,6.685944543597068,68
1176,6.578011193098269,69
633,6.5720246307972,70
1086,6.56176967094472,71
417,6.540184707008966,72
7195,6.504005386639591,73
12703,6.459393859505155,74
1031,6.454977945286237,75
1151,6.420622976531872,76
441,6.407795689167854,77
1071,6.288385887311115,78
4481,6.2651936938530515,79
419,6.248600683279366,80
888,6.2286028723901,81
1599,6.20717299577222,82
190,6.190787075047299,83
165,6.133678839532517,84
1089,6.132548751715506,85
8845,6.085518297364209,86
1073,6.0517677218098465,87
7149,6.049966874864436,88
1101,6.049927349378106,89
152,6.009062393122962,90
16660,6.008564278299941,91
36,5.98989087683423,92
351,5.893589887882407,93
1040,5.8811315474280095,94
1052,5.838157747050724,95
572,5.708178402901695,96
1034,5.703660676048441,97
1016,5.669611894717762,98
858,5.649132376277612,99
595,5.642838448432308,100
12785,5.622074731663229,101
362,5.616342510923466,102
346,5.582399735294695,103
388,5.559327735547373,104
352,5.551578190942256,105
345,5.540767426868653,106
316,5.534217290521163,107
887,5.519056888937104,108
1189,5.517432420139635,109
160,5.507622367582424,110
1313,5.502930977182592,111
342,5.490186324093085,112
1120,5.480486147747027,113
897,5.432344340656479,114
547,5.411394296395377,115
109,5.407006042625786,116
267,5.4053074127527765,117
15748,5.402668916245678,118
1039,5.375293527805232,119
1204,5.353535430823719,120
281,5.35206987126969,121
507,5.322834240692316,122
502,5.319841021762288,123
364,5.288232856357877,124
1671,5.269483717880551,125
7201,5.241902794798566,126
1182,5.2290729805993665,127
293,5.226170132970913,128
535,5.224641903682111,129
402,5.199007698577543,130
1757,5.183081482521577,131
1058,5.177811708880123,132
10475,5.170695637759488,133
478,5.144497871446296,134
337,5.132192570844346,135
542,5.129725955542356,136
12453,5.125355036082856,137
1137,5.107507565995674,138
367,5.099091932010697,139
1520,5.0702718201524135,140
1251,5.0294279048214765,141
1168,5.003181881062428,142
648,4.987964715224983,143
221,4.97970209356212,144
1207,4.967971718372278,145
13332,4.967656911951886,146
1210,4.964883018189043,147
1047,4.919336115983664,148
540,4.90944806803421,149
882,4.89473981630503,150
884,4.894388846781505,151
1103,4.829919109546736,152
308,4.815426984427753,153
8888,4.81142577920658,154
704,4.794531871637347,155
1213,4.79367279304022,156
7,4.788914334090605,157
6207,4.785696182289478,158
1053,4.734468785888173,159
2232,4.711924189070741,160
149,4.705916843855299,161
16661,4.689481477029435,162
366,4.688514724000099,163
9028,4.6525350140098825,164
420,4.640267468763314,165
928,4.631113673800094,166
5843,4.629280872592221,167
558,4.6240656072584505,168
13288,4.616120755247288,169
347,4.6060972787936105,170
594,4.593734696531476,171
782,4.571445685804639,172
1161,4.558877820106814,173
500,4.546295538729683,174
641,4.545834527835401,175
857,4.5282505795243155,176
631,4.527650996174194,177
384,4.504418600673338,178
703,4.501627822504415,179
920,4.4968327464451505,180
699,4.467043495895623,181
218,4.450811739059937,182
422,4.448647860009329,183
938,4.425704008938771,184
497,4.421974454548653,185
6736,4.410442337225843,186
144,4.390286707476232,187
171,4.3859779336521045,188
365,4.385738622024278,189
1242,4.382185345196959,190
443,4.376330571832991,191
1282,4.368196631015596,192
1070,4.348080382688489,193
356,4.347072074797467,194
894,4.343074385400604,195
363,4.336547547055356,196
933,4.331280681132757,197
1761,4.330745945746585,198
1131,4.329978915194554,199
1281,4.315914529844229,200
9304,4.309964260816225,201
1246,4.301467787034293,202
1241,4.299340854332102,203
1707,4.28864129011457,204
298,4.2621807684799835,205
341,4.260598377993934,206
842,4.258374110804981,207
1069,4.2534894263479215,208
135,4.236718924961293,209
1139,4.226547314469619,210
461,4.225250619332618,211
885,4.219398882762623,212
101,4.217445444305432,213
425,4.211413610879269,214
9146,4.209293471752255,215
283,4.182001579249317,216
546,4.167170828872361,217
8851,4.163145029717738,218
843,4.162078851882717,219
1284,4.1580004965453545,220
588,4.155245737925496,221
527,4.147066452817802,222
668,4.143475181729415,223
642,4.131505283695727,224
110,4.128396318341027,225
164,4.128097928341221,226
923,4.12072141789929,227
371,4.091414893978522,228
53,4.0751621246482195,229
290,4.0737038789311955,230
368,4.050928034880867,231
1521,4.039202803043163,232
477,4.035575283490778,233
1088,4.019335813517917,234
1041,3.9951442966475823,235
1128,3.994847760767339,236
1165,3.9883411513070586,237
1048,3.9656560507232235,238
271,3.9645464856047927,239
1197,3.9415204693642507,240
924,3.939196893711285,241
1677,3.922155039179243,242
43,3.908360723246145,243
145,3.9079864344699753,244
915,3.9065835766853505,245
847,3.8953664022228365,246
336,3.8558639149629133,247
658,3.848813205409326,248
219,3.8474454250553918,249
797,3.845550817365097,250
1129,3.8383020656612605,251
869,3.8381109041997137,252
1524,3.831402716469349,253
266,3.8305473406501607,254
127,3.8265207845152513,255
745,3.7999740539738647,256
6823,3.798487958669429,257
1005,3.7935499663782912,258
1061,3.788126407296809,259
486,3.7661746037562573,260
16918,3.7636852079393917,261
378,3.7610503744662798,262
914,3.754087666147651,263
1022,3.737567495075357,264
1310,3.7291588574661443,265
671,3.7201730750719406,266
1588,3.6898768137214613,267
758,3.668837605975741,268
120,3.6675027262096003,269
685,3.667005641922307,270
609,3.666834952948682,271
333,3.6612406707237044,272
326,3.653062633980805,273
307,3.599095691914443,274
1208,3.5881518466417797,275
506,3.585374082065452,276
193,3.5828181898468205,277
9183,3.580625484182034,278
870,3.5782878011575114,279
838,3.5761685410767674,280
1121,3.5753521132648745,281
709,3.5345356503360885,282
1202,3.5249417788083486,283
100,3.5197017293899884,284
1030,3.511177105905136,285
414,3.5101128852452246,286
514,3.496888128315558,287
1370,3.4953246418242148,288
377,3.4940330533915223,289
1206,3.4715828771449915,290
1141,3.470825994042166,291
13,3.4643034851174694,292
1075,3.4561426959095227,293
297,3.4555420844228335,294
13291,3.4532086910552637,295
305,3.4502297817926295,296
494,3.4499210790938597,297
407,3.4458932933804727,298
13283,3.4410606568602455,299
599,3.437144955549371,300
844,3.424897790626109,301
1134,3.4199496669071285,302
1008,3.4157865489173553,303
429,3.410726011498379,304
130,3.4065443380930143,305
460,3.400915754174286,306
330,3.3857779923445555,307
549,3.3855527264561927,308
412,3.3746948942909416,309
1000,3.3679748842662964,310
427,3.3626548173382123,311
285,3.361872730488827,312
5653,3.361781695641723,313
711,3.3317896085006087,314
16042,3.327882983736542,315
445,3.3246746708716546,316
436,3.3196772132332764,317
484,3.3178850588609023,318
1055,3.31426130371248,319
142,3.313307668330375,320
1102,3.3120984549212324,321
154,3.307352509691082,322
99,3.305948658718291,323
1049,3.3048479939377087,324
76,3.303549033357249,325
1300,3.3033953329736674,326
14713,3.2861294298256847,327
912,3.2806856398632265,328
1115,3.2699020606911318,329
432,3.268707646357172,330
4852,3.2586415096793457,331
468,3.2507021121925472,332
1187,3.2472656493725314,333
8768,3.2290691768099524,334
597,3.227914252009767,335
175,3.2217125508474793,336
1269,3.2190603056871274,337
7197,3.2114420779354877,338
313,3.2059465365181135,339
1072,3.1927825327927706,340
941,3.1911701458990187,341
713,3.1730218622634245,342
1611,3.1623830261857417,343
48,3.1595826523002333,344
1245,3.1419081569214558,345
591,3.1386114258607236,346
905,3.1271289386010888,347
413,3.1258026270573347,348
1394,3.1056465251970624,349
296,3.084167700803335,350
108,3.0835782976786184,351
1541,3.062672403559947,352
2190,3.061580714325103,353
348,3.0599650723106677,354
9455,3.0594531030228893,355
299,3.041416195393795,356
158,3.0246118480994464,357
8891,3.0220866714367243,358
908,3.0194444973445567,359
1622,3.0161251945464707,360
15744,3.011931277388025,361
5914,3.0063727188904634,362
168,3.0019968084349857,363
340,3.0011173203919257,364
16283,3.0008861220017153,365
9452,2.99925077193985,366
1652,2.994155103243656,367
361,2.987411031566013,368
534,2.977993043208436,369
474,2.9626098093768105,370
1181,2.9570682984325583,371
859,2.9544085101621462,372
8548,2.950259828227726,373
529,2.949237867933174,374
580,2.937665371435513,375
334,2.9374487257071604,376
396,2.9350952522402927,377
50,2.9307906658703216,378
121,2.930201623111856,379
147,2.929716070182968,380
1167,2.9281720246241174,381
1079,2.917942430729518,382
554,2.912379779967522,383
553,2.9033787378085263,384
373,2.8992454024783805,385
900,2.886830362946111,386
727,2.884978393805371,387
9034,2.881085078742547,388
111,2.8713957206933816,389
8890,2.8690741212163133,390
1379,2.866461940971226,391
220,2.850224900705106,392
1110,2.8498228935662238,393
8979,2.8406550770064483,394
1569,2.8373130502984547,395
291,2.8239254117142067,396
1510,2.8237151072413296,397
13146,2.8207910756960968,398
1312,2.81240544853424,399
696,2.803931798658468,400
616,2.795187447576951,401
304,2.788941712129658,402
10039,2.7842534302597235,403
439,2.7799870032341056,404
13660,2.771188204491498,405
339,2.769571791607288,406
1087,2.769237440146711,407
669,2.767785571370702,408
5229,2.7671408204534225,409
157,2.763528285361209,410
1133,2.761174572673179,411
1068,2.752524503528653,412
331,2.7429717016557236,413
355,2.738036114518412,414
1592,2.7285870049677863,415
881,2.72444897393469,416
561,2.721601064142867,417
1122,2.7196575413991093,418
1077,2.719411950731684,419
288,2.7174792203549942,420
471,2.7155298198367976,421
1224,2.710736841194313,422
1132,2.70019773318136,423
10194,2.697843975686872,424
738,2.6907930131493827,425
72,2.686534134294139,426
1023,2.6832119808139976,427
344,2.680975460009357,428
146,2.678662245931393,429
1692,2.6696279029005923,430
492,2.663645137919361,431
141,2.6594089414719093,432
684,2.657462640511724,433
163,2.6465146862718187,434
1294,2.6455576835325427,435
289,2.6387080548336312,436
880,2.6293810765839383,437
1091,2.6279129441038833,438
359,2.6277298043579025,439
3443,2.6272136162355384,440
501,2.60916549207593,441
9462,2.602132611545562,442
1678,2.5923004733632324,443
555,2.588256435727565,444
1731,2.588145387799166,445
700,2.581084742540529,446
1001,2.5772403285039283,447
589,2.576687019422941,448
15743,2.574203188536484,449
505,2.5593935951814033,450
4,2.5531565400761824,451
871,2.541959144466573,452
896,2.519183720747672,453
1193,2.518788116816143,454
1528,2.49995251073037,455
651,2.4951157123504037,456
498,2.4886226774949862,457
544,2.482844752067024,458
573,2.4819637505391494,459
598,2.4682232186830166,460
1396,2.4671758801108417,461
1082,2.4589170382833667,462
559,2.4536976335001213,463
617,2.452832145105262,464
929,2.4404618547584636,465
150,2.440302476353933,466
8884,2.439181741865674,467
901,2.437688849560594,468
343,2.433556622370926,469
698,2.4317168140369367,470
960,2.4260475344815404,471
1186,2.421786638237525,472
791,2.415366055890839,473
13284,2.414165827033066,474
614,2.408998730454594,475
472,2.4012238573962366,476
606,2.398976681067408,477
1067,2.397050040759113,478
1199,2.3721793804151496,479
475,2.370908148530386,480
295,2.3644627044005575,481
9864,2.3625987236058146,482
1085,2.357387022272228,483
1295,2.356659879074388,484
8852,2.35591006206945,485
1065,2.345935123513406,486
5725,2.338654694906112,487
8889,2.338101445864215,488
156,2.328899376616622,489
493,2.3151820490225488,490
1105,2.3149279454237215,491
151,2.3120269858704656,492
10,2.3104231552204806,493
9703,2.3040955737450224,494
891,2.300886313352606,495
1292,2.300698269228121,496
907,2.280896065192962,497
1057,2.2778840681719728,498
499,2.2765917859856675,499
969,2.2741942629867453,500
292,2.273413854219951,501
1431,2.2715952843638476,502
848,2.265717851999927,503
320,2.2525962855844055,504
550,2.2514386723506115,505
796,2.24804100151346,506
1640,2.2462553694040173,507
508,2.244419548829314,508
1663,2.242048472866618,509
1547,2.233295445960496,510
442,2.232752287305585,511
9032,2.231726279681514,512
1561,2.230806559336386,513
794,2.2223998619711134,514
936,2.2115341830221364,515
1002,2.2098601014983363,516
1376,2.2077972552608593,517
495,2.205995705303741,518
282,2.20413862924707,519
467,2.202685865395126,520
705,2.1978484183425153,521
294,2.1947416349858635,522
1190,2.1936530194088646,523
1074,2.1936015051211766,524
14215,2.1929192715843415,525
264,2.1903666997800078,526
695,2.1880152087457065,527
3471,2.18626571842591,528
524,2.1846798673283536,529
3686,2.174504798429659,530
1620,2.1721994008910968,531
849,2.1716993081384706,532
736,2.1687666833813677,533
706,2.167249328523248,534
391,2.1612575040485895,535
6856,2.1529760066372585,536
16115,2.1476651286637067,537
600,2.1463116739693464,538
1211,2.142955444533569,539
119,2.1406832377246916,540
1395,2.1327408412135416,541
790,2.1324347719450243,542
1209,2.129655834217648,543
874,2.1285281871491883,544
1035,2.1269620438680668,545
839,2.1243669277502737,546
137,2.119158032458689,547
177,2.1162887269456125,548
4426,2.115826139279114,549
312,2.1133326545218125,550
1192,2.1062315321610683,551
91,2.1023382169102085,552
325,2.101000137972066,553
1004,2.0914620372790536,554
861,2.090120200024392,555
1098,2.0858112414744703,556
370,2.076861632145189,557
1010,2.075225461825092,558
895,2.0728382014281324,559
937,2.0686026238800226,560
387,2.0627856786724323,561
1027,2.061582902901747,562
1509,2.0596814356757154,563
693,2.0595723771341485,564
31,2.0560468210509812,565
7196,2.054086194830745,566
424,2.052421673095929,567
1392,2.047421270351091,568
13293,2.046764853614929,569
1145,2.0460036884646047,570
9151,2.0433162256427355,571
917,2.0338290704711626,572
485,2.031662246835202,573
354,2.0294752478289255,574
1304,2.0261316989814153,575
1573,2.0251163239871377,576
943,2.0247590054726836,577
1123,2.022987110006075,578
454,2.0171897813224833,579
1033,2.0130145114114146,580
1552,2.0122092508272105,581
1463,2.010622575397923,582
675,2.0065302246165397,583
376,2.005368502136371,584
350,2.003242552074775,585
489,2.0028588609661706,586
92,2.0016595072727794,587
306,1.9993063792138268,588
585,1.9955150136426758,589
793,1.9937510417704818,590
17141,1.993260131606155,591
353,1.9883466457093735,592
1038,1.982988527557343,593
596,1.9750812134423064,594
482,1.9713685618946544,595
1171,1.962409170919827,596
983,1.9603305608383614,597
1684,1.950364252688039,598
5,1.949979080534062,599
17000,1.9434031093240591,600
611,1.9387350224660105,601
1326,1.9340262640846944,602
654,1.9198386836613257,603
1674,1.9187602589222879,604
315,1.9161822749065565,605
287,1.9133313785092052,606
934,1.9120283668391678,607
1307,1.9111347828113252,608
528,1.9092739945431207,609
1166,1.908693687147419,610
1149,1.906939071070326,611
9458,1.9046801151532422,612
166,1.903866006607572,613
17249,1.9029384669062572,614
1301,1.9012333274797824,615
788,1.8983951118147138,616
148,1.898046919830587,617
1180,1.8932904845072498,618
583,1.8906434926013793,619
302,1.8899347905964115,620
823,1.8888909893886654,621
1690,1.887898480204722,622
518,1.8872828738382337,623
16002,1.8809597046364805,624
841,1.8755263462522498,625
1657,1.8716632877688166,626
1262,1.8679277686559397,627
1466,1.8678882822547855,628
1203,1.8637095264746018,629
610,1.8586830087482553,630
98,1.85374859814846,631
1003,1.852965814541935,632
1764,1.8500089680325738,633
590,1.8454577481328278,634
1525,1.844718582598608,635
638,1.8446821908994222,636
1146,1.8427030981917996,637
1260,1.840485089106628,638
54,1.8293362625060516,639
548,1.8247968085033854,640
845,1.8247255738499797,641
1017,1.8245463016897188,642
1036,1.824189403661274,643
9036,1.8209889672402462,644
16914,1.820979042288133,645
855,1.8189484222456886,646
1160,1.816732860506596,647
29,1.81495527942542,648
70,1.8148066086369035,649
1080,1.8101942089560452,650
74,1.8075234133401366,651
1148,1.803417777648635,652
11,1.8011194492694098,653
9016,1.7996386415305363,654
1118,1.7963233113594594,655
11283,1.7960549781039292,656
525,1.7918618770179693,657
403,1.790438603814017,658
714,1.7844465694192664,659
1231,1.7744617921383037,660
504,1.7679150963972712,661
9454,1.767195696649649,662
1024,1.7643020988950773,663
13268,1.7627165797382962,664
1381,1.7549683462407806,665
536,1.753892146783597,666
1766,1.7528221597748683,667
483,1.7507383562227106,668
1194,1.7501495455263638,669
8873,1.7476745696135192,670
835,1.7473262642589924,671
358,1.7442416734562047,672
680,1.7399182811083893,673
465,1.7395327661799316,674
393,1.7287119533771118,675
523,1.7275166513946312,676
689,1.727290598057359,677
1358,1.7272608377642074,678
1229,1.7214659275485773,679
15079,1.7197979806289925,680
9829,1.719550869415079,681
1140,1.7187068275898527,682
687,1.7175828510981657,683
563,1.716996844243282,684
1415,1.7128418562316476,685
216,1.7099246307421971,686
1650,1.7098497272405906,687
795,1.7091427433714763,688
114,1.7088385091067733,689
45,1.7085088821352494,690
15739,1.7081861393078919,691
1566,1.7069230642441593,692
1378,1.7066363702833702,693
1045,1.6986570350317691,694
957,1.697627635487013,695
612,1.6967993551587834,696
789,1.6948946824145938,697
1356,1.692432781737151,698
13350,1.6910582518136756,699
1066,1.6906574399910883,700
930,1.6880771158380696,701
1173,1.6849818410401303,702
254,1.6845006537338534,703
112,1.677087491482379,704
13073,1.67670348078208,705
153,1.6750878162562146,706
235,1.671480262797886,707
697,1.6685902538851538,708
113,1.6645450135154378,709
526,1.6640940436289435,710
565,1.6622819769696051,711
90,1.6617063743056657,712
735,1.6616675466942297,713
811,1.6588224324302854,714
692,1.6579173542996235,715
8747,1.6573675118617388,716
16913,1.6562130676021174,717
1584,1.6518785163288956,718
1007,1.637435457620156,719
59,1.6372006914328523,720
169,1.637176394130757,721
183,1.632870995517841,722
433,1.6321878443297417,723
6,1.6283413362472612,724
360,1.6276568214693734,725
1162,1.6266199746714194,726
13286,1.6252879871171224,727
409,1.623907984358985,728
951,1.6237880365619948,729
799,1.62376041797803,730
8844,1.6237301282127088,731
1032,1.619035515772592,732
1143,1.6171274601872114,733
656,1.6157499550012044,734
1660,1.6105168229449782,735
655,1.6101645126706017,736
1586,1.6098047464135825,737
1056,1.6069420974449036,738
16996,1.6057775137495511,739
1026,1.6055580551032307,740
11176,1.6039651009904647,741
338,1.5981653786318235,742
12569,1.5977027236780197,743
615,1.5961264844933172,744
1293,1.5952645038140245,745
1302,1.5905882564683935,746
902,1.5886223382692197,747
556,1.5884016872690259,748
1404,1.5848399413465926,749
584,1.575960662058382,750
576,1.5746954325760736,751
1155,1.5710032964874951,752
6735,1.5706848906213828,753
132,1.569680982204525,754
1296,1.5682559287791165,755
10271,1.5670723494030767,756
462,1.5657938667380018,757
1179,1.5650758386270884,758
1218,1.5569913492057788,759
226,1.5529138481045461,760
488,1.5484989442951838,761
1760,1.5484737083258902,762
1591,1.5463162843186498,763
1183,1.5449315322634822,764
1659,1.5347141591566806,765
192,1.5304227323846817,766
1512,1.5242220532458575,767
515,1.5211900777566416,768
519,1.5158395282304997,769
390,1.5148742003422262,770
809,1.5139037037362937,771
14209,1.5133601846206328,772
537,1.511514852319423,773
1697,1.5111336941630544,774
1248,1.5100388011510666,775
104,1.5095400744696943,776
1462,1.5075390606905599,777
739,1.507185858289356,778
16729,1.506565034953895,779
7721,1.5027431592070903,780
1094,1.5006370436454304,781
9500,1.4987385782420548,782
604,1.4977300536174936,783
1527,1.4895649487953446,784
1425,1.484075747195458,785
1114,1.480996673226691,786
4081,1.4802769638902509,787
14628,1.4800287039724558,788
418,1.4797516429679793,789
592,1.4791487683660387,790
511,1.478701641005053,791
1488,1.4761106924409446,792
115,1.475827146683737,793
1147,1.474032731488012,794
690,1.4723809750214503,795
222,1.4707848292644932,796
1365,1.4657613192886958,797
87,1.465464981057169,798
1188,1.4653169651922555,799
683,1.459576414869789,800
1272,1.4590145540656039,801
725,1.4585857545238738,802
58,1.4540290562488074,803
1763,1.4501646590060946,804
674,1.4498913322189322,805
1474,1.448105497818211,806
13653,1.4448197309616866,807
450,1.431548373445173,808
174,1.4262888691677993,809
1152,1.4260453239293105,810
466,1.4249280774564415,811
458,1.4233443632150635,812
1546,1.4231517055975338,813
802,1.4210710736115526,814
1232,1.4205283148582526,815
162,1.417410887979951,816
161,1.4162716312481536,817
818,1.4161475630538292,818
17635,1.4157251788615615,819
800,1.414594736869573,820
1303,1.4145808564356281,821
1390,1.4136105884495824,822
1487,1.4115667232674718,823
942,1.4110254029022522,824
1314,1.4094612709264174,825
107,1.4070358111366827,826
1450,1.4035545424172733,827
3308,1.3976816486857002,828
456,1.3954938361496512,829
661,1.3875756440443683,830
1297,1.3869460201243287,831
1050,1.3854042767920163,832
8860,1.38526035623164,833
1184,1.3816804589865848,834
2076,1.3816361467080585,835
56,1.380559784902506,836
1195,1.3803485235551993,837
35,1.378059968880848,838
1127,1.376640628860215,839
1223,1.3765960937774069,840
335,1.3763066728678677,841
1445,1.375810202855945,842
397,1.3756738870939746,843
1250,1.3747183107996146,844
608,1.3725608792383495,845
773,1.371025314151486,846
575,1.3695987614577183,847
737,1.368803026882122,848
1237,1.368162397792171,849
1331,1.3675772977946254,850
552,1.3674599491133315,851
8788,1.3605976229842902,852
1679,1.3605279844712157,853
9294,1.3564095602375956,854
1409,1.355385259783357,855
1737,1.3549070175446032,856
2869,1.3537559974124969,857
731,1.3527692733303665,858
899,1.350998363123471,859
1106,1.3500268400464819,860
1257,1.349973929088895,861
702,1.3487616557566133,862
836,1.3423272053613262,863
1233,1.342231033286448,864
12105,1.3403946020725184,865
9030,1.340278038378214,866
9460,1.337654660206103,867
1621,1.3358889742869977,868
349,1.3347427772038982,869
246,1.3314778792517776,870
1570,1.3314322846532392,871
9029,1.330791545291307,872
1116,1.3249859389317447,873
6940,1.322296911879705,874
1435,1.3206771051672748,875
1311,1.3169140026861526,876
16044,1.3160566385131258,877
13281,1.3113671125873798,878
1726,1.3108335009591818,879
1270,1.3107271425416471,880
13435,1.3080339731407657,881
1108,1.3079588974405394,882
9137,1.3069493783946977,883
1408,1.3064396301741523,884
808,1.3036957917054668,885
434,1.300000632832822,886
562,1.299811224320947,887
1159,1.2992582011562606,888
889,1.295459371685796,889
42,1.2926393670466925,890
883,1.2924758387661277,891
8885,1.2915028141008211,892
301,1.2869849720821982,893
724,1.2869597650684337,894
1153,1.2868588952333704,895
5458,1.2855862296426317,896
893,1.2830174922414501,897
208,1.28172233566511,898
1471,1.2789929457745102,899
1391,1.2774754856890027,900
9,1.2766775986345416,901
323,1.2766460626109635,902
3527,1.2764147566237543,903
867,1.2720115972846304,904
13292,1.2701842295622465,905
7205,1.2668978022873192,906
1078,1.2648097283604172,907
1170,1.2616446025785284,908
1063,1.2609438974145561,909
9825,1.259242774483209,910
1519,1.257884296333004,911
918,1.2574130946179922,912
2363,1.2564230981846927,913
455,1.2522489100470773,914
9145,1.2517643381310997,915
8,1.2509504713146473,916
634,1.2502221595716982,917
8976,1.2483447919663617,918
953,1.2460873284148253,919
496,1.2431022008750245,920
7208,1.2419631310035182,921
9142,1.240199494316917,922
1287,1.23857630260884,923
903,1.2341203813172892,924
181,1.2339453935875448,925
1405,1.233525599932133,926
827,1.229504008711646,927
1201,1.227618897476186,928
1175,1.2272040021703206,929
1453,1.226288251489992,930
1478,1.2243763148136722,931
1234,1.224135902783661,932
381,1.2230722016218178,933
569,1.2228160163701487,934
1636,1.220686419182006,935
3231,1.220472806466241,936
13214,1.2193617317862258,937
1244,1.2082334442933722,938
1413,1.206211582086113,939
17,1.2057326962545143,940
1433,1.2050037852785245,941
404,1.2040217174171235,942
15140,1.203147941102868,943
1264,1.1972034847160056,944
10288,1.1967781549683214,945
1468,1.1967676706984858,946
1475,1.19576022767593,947
309,1.195686239922831,948
487,1.1944936646049338,949
155,1.194447683977537,950
1185,1.1888528021925795,951
509,1.1886554221562327,952
13285,1.1880930907282006,953
850,1.1867717701514664,954
1530,1.1859140609145467,955
1544,1.185290027211947,956
435,1.1840855321607104,957
279,1.1772263251149573,958
1675,1.1761509722096086,959
939,1.1759257489252657,960
1109,1.1726431896321876,961
1309,1.1715618017344298,962
1452,1.1703086650641055,963
8696,1.1685165136041873,964
9025,1.166225073437582,965
959,1.1649183279729451,966
269,1.1620518250231886,967
14,1.1610443543046092,968
932,1.1607808912224709,969
1142,1.1599350018748837,970
798,1.1590521019330482,971
17614,1.158251475727601,972
691,1.157919280741736,973
649,1.1570946109192675,974
437,1.1567746328858963,975
13282,1.1566471001688066,976
446,1.1541665113333945,977
310,1.1540067287342053,978
1013,1.1528006115724256,979
19,1.1485156794879976,980
1279,1.1454664512521824,981
948,1.1452729967976787,982
1501,1.1429175173414532,983
69,1.1387238413009049,984
1172,1.1369810432815102,985
1044,1.135928559450422,986
1615,1.131955346602072,987
80,1.1278100151699437,988
1119,1.126664654739446,989
732,1.126042852654331,990
1083,1.1242248567085542,991
13141,1.120488319890382,992
5371,1.1183354273747015,993
618,1.1181370917332205,994
2008,1.1165697250969295,995
1421,1.1152298352104666,996
38,1.1142373031569095,997
8195,1.114168010776804,998
1340,1.1119411715354102,999
106,1.1109943477239832,1000
1508,1.1106669136265102,1001
138,1.1105422811433374,1002
389,1.11047159485366,1003
12315,1.10883201241696,1004
1686,1.1061927427946396,1005
650,1.1034790708835034,1006
214,1.1033572041350708,1007
996,1.1008463635024204,1008
890,1.0962811089508782,1009
964,1.0959614328166747,1010
453,1.0956517866682494,1011
1649,1.0927634177757473,1012
1706,1.090709564416485,1013
1037,1.090075202721188,1014
1688,1.0863704135434553,1015
1491,1.0830839310960376,1016
8834,1.0819647259013148,1017
1286,1.0804324007626789,1018
1648,1.0800859896695134,1019
1549,1.0795541710837042,1020
1136,1.0759731343146157,1021
729,1.072521536548607,1022
1634,1.0697304086654145,1023
423,1.0694878816432067,1024
1476,1.0683453466530992,1025
785,1.0674173265940425,1026
786,1.0670583923797041,1027
760,1.0664050756417802,1028
1113,1.0654836482193746,1029
1506,1.0646653452261126,1030
1631,1.0643741924013272,1031
3329,1.0641550321421154,1032
1011,1.0629362849383137,1033
9155,1.0620621087885713,1034
237,1.0595738326406334,1035
357,1.0592812527171682,1036
551,1.0585572006598822,1037
626,1.0579950493743815,1038
522,1.0573143818261639,1039
14677,1.0566567805926168,1040
1503,1.0554897247301611,1041
1316,1.0550027570313683,1042
3064,1.0541140480967326,1043
1423,1.053269300354086,1044
8757,1.051600409301071,1045
997,1.0513846778366784,1046
1062,1.0513788817746763,1047
741,1.0508081226470083,1048
1100,1.0497784692570427,1049
1315,1.049316146797481,1050
853,1.0465953260140883,1051
1144,1.0452203979787438,1052
9461,1.0414771857030563,1053
1543,1.040676691562445,1054
103,1.0384401378101347,1055
459,1.0378190284947404,1056
1339,1.0366841336307184,1057
985,1.0361190727157272,1058
1196,1.0332131660263024,1059
1424,1.0331094670443224,1060
1489,1.0324065715379025,1061
105,1.0308738828644566,1062
8838,1.029279894942163,1063
182,1.0276377664036003,1064
1130,1.025986357872707,1065
1494,1.0238531660521606,1066
273,1.0226098676879347,1067
682,1.0214060184475235,1068
255,1.0182935598206366,1069
1154,1.0171529304092306,1070
1230,1.0162831646684987,1071
1335,1.0162237171544535,1072
143,1.0157941474292809,1073
1015,1.0148671812292767,1074
955,1.0139519665968535,1075
1096,1.0132425698701175,1076
1458,1.0119309308630957,1077
645,1.011820874460984,1078
1323,1.0102023092607655,1079
1337,1.0082777161243244,1080
779,1.007765126424589,1081
1280,1.0040743366884222,1082
15982,1.000443908071788,1083
93,1.0000107001247949,1084
1256,0.9993658722708401,1085
624,0.9977309573395785,1086
531,0.9973479193105341,1087
394,0.9937608966672372,1088
1097,0.9934778796965618,1089
1177,0.9934511243577411,1090
8714,0.9857492596057797,1091
1470,0.9847262704258186,1092
1200,0.9827885327953478,1093
819,0.9813435381352453,1094
185,0.9804233914863529,1095
1308,0.9793359690633825,1096
15371,0.9773466470434603,1097
11179,0.9767104363347435,1098
1174,0.9753507507118939,1099
1564,0.97523013314835,1100
8190,0.9750695282472432,1101
605,0.9749201235244235,1102
707,0.9739718592124372,1103
801,0.9726845245045187,1104
1420,0.9704607154882419,1105
1700,0.9681693788867022,1106
8610,0.9665833901663852,1107
11010,0.9657372376123545,1108
1545,0.9654705314610766,1109
1655,0.9629596289986072,1110
395,0.959435631259011,1111
9019,0.9592367285320206,1112
1163,0.9590097527527207,1113
567,0.9582498778063763,1114
1386,0.958183610890338,1115
8638,0.9577433922060683,1116
1439,0.9574416212414493,1117
1557,0.9487726597360383,1118
637,0.9475746499560516,1119
9139,0.9451109143196638,1120
1243,0.944270846403411,1121
9297,0.9419597143869999,1122
8743,0.9408090020793827,1123
39,0.9379467541704657,1124
60,0.9371164995837137,1125
1150,0.9360150172355847,1126
12,0.9354374491267236,1127
324,0.9353477938270103,1128
1669,0.9330503252291124,1129
13300,0.9326311231099276,1130
1259,0.9324398147786335,1131
16909,0.932018299112452,1132
11812,0.9311838433375045,1133
663,0.9291454995640241,1134
1099,0.928409342333151,1135
4175,0.9266896002522353,1136
457,0.9255849346929771,1137
1536,0.9237292214164071,1138
392,0.9220877552184457,1139
140,0.9200344804460411,1140
1298,0.9182634121269537,1141
977,0.9179099225372509,1142
1698,0.9176561588171097,1143
532,0.9170586568095072,1144
1212,0.9159910638741562,1145
13837,0.9140807119864899,1146
15,0.9134646242551762,1147
232,0.9095193579846632,1148
587,0.9085713094150758,1149
1472,0.9077074761357385,1150
1422,0.9047148844649401,1151
15423,0.9014839027150184,1152
820,0.9008756469922761,1153
11251,0.900761299082898,1154
448,0.8999927662488566,1155
13289,0.8994214994594399,1156
1720,0.8984684190212431,1157
1432,0.8974105591666022,1158
961,0.8969504106556063,1159
1328,0.8940357043250654,1160
473,0.8927602944868305,1161
318,0.8921483224064206,1162
7207,0.890846138679624,1163
2303,0.8907306301497405,1164
635,0.8893971446424402,1165
1125,0.8878694299516465,1166
877,0.8844490162621236,1167
322,0.8827409856208321,1168
783,0.8823955681397302,1169
1289,0.8823343170562943,1170
832,0.8799354533793936,1171
15765,0.879368182974875,1172
1440,0.8790590320894147,1173
1325,0.8789862585908307,1174
480,0.8747174211300932,1175
892,0.873566004478009,1176
7782,0.871529297761941,1177
8847,0.8691333890895474,1178
9824,0.8686511975296205,1179
1507,0.8677636317099706,1180
1449,0.8671718953145688,1181
15297,0.8640807956267358,1182
1703,0.8638431741213021,1183
15281,0.8638147617731087,1184
520,0.8635690764002603,1185
1676,0.8635675273795855,1186
906,0.8623290367793696,1187
956,0.8623248659330874,1188
817,0.861566459646324,1189
975,0.8615201243249573,1190
16917,0.8598962634727214,1191
7148,0.8590651281989731,1192
176,0.8568231429973233,1193
623,0.8562440903997282,1194
1739,0.8544287160676739,1195
1267,0.853684389302219,1196
8777,0.8521550761083653,1197
1060,0.8503537854227866,1198
670,0.8462742919040372,1199
1762,0.8451198010825554,1200
1178,0.8435371955350707,1201
1369,0.8418513665251032,1202
1059,0.8401551633923411,1203
1722,0.8393993403381802,1204
1387,0.839175701903783,1205
812,0.8387662718574018,1206
1537,0.8386521416293572,1207
1051,0.8373680448169116,1208
1493,0.8364355319382636,1209
7202,0.8363312967725247,1210
1751,0.8351980619600243,1211
438,0.8339660463974679,1212
1693,0.8332233539889454,1213
7200,0.8327398577015481,1214
667,0.8325635479122504,1215
1443,0.8310596106488202,1216
400,0.830012442561475,1217
864,0.8253679306838833,1218
1006,0.8249435035452254,1219
512,0.8237767573055947,1220
613,0.8230186103766005,1221
621,0.8188788046449327,1222
1205,0.8185655421725324,1223
1111,0.8162800648754087,1224
277,0.8157082671307022,1225
12139,0.815101415806021,1226
1681,0.8144673098043238,1227
272,0.8136288760010266,1228
821,0.811721480506793,1229
925,0.8108362886443983,1230
1169,0.8095174353121377,1231
1265,0.8076903585817696,1232
1222,0.8072065208373653,1233
1467,0.8071062765958665,1234
1084,0.805465318949894,1235
7826,0.8049824887448649,1236
1332,0.8024587809433712,1237
16045,0.8003258195316078,1238
217,0.8000077265735467,1239
1214,0.7999333562094724,1240
1191,0.7996503557706908,1241
766,0.7995581320710825,1242
662,0.798858157085733,1243
16663,0.7983532411764704,1244
1317,0.7981012243015656,1245
632,0.7978079412054492,1246
8699,0.7977573910295395,1247
8862,0.7973003647888397,1248
12651,0.7957560617487252,1249
469,0.7935113943483694,1250
1597,0.7923812381401587,1251
825,0.7922204980034852,1252
1288,0.7920585356478912,1253
1429,0.7907660854978991,1254
653,0.790129771071554,1255
1742,0.789475434824303,1256
9151,0.7884914323403268,1257
564,0.7876238343320736,1258
830,0.787264677068739,1259
1124,0.7851248886581691,1260
57,0.7849364030977806,1261
1333,0.7841973529858884,1262
530,0.7833341562136872,1263
1081,0.7821416512212908,1264
13279,0.7821315242033424,1265
415,0.7816253415616152,1266
999,0.7814408389448873,1267
1299,0.7814182281645878,1268
1219,0.7809541585164249,1269
8551,0.7801198415442898,1270
1444,0.7782651376258383,1271
275,0.777165607470696,1272
16984,0.7767075673452164,1273
73,0.7754681771816444,1274
11839,0.7752834150146266,1275
1434,0.7745471363581048,1276
1126,0.7744304235319269,1277
751,0.772189067503384,1278
1457,0.7708645423666041,1279
1869,0.7695830104721922,1280
126,0.7694745177465928,1281
1602,0.7693224715529705,1282
94,0.7682833735967074,1283
780,0.7676985751405628,1284
1398,0.7671983003047983,1285
1397,0.7640043513841426,1286
1736,0.7630457706752886,1287
11478,0.7617171403802236,1288
1531,0.7605137548086246,1289
1380,0.7589365936520148,1290
1637,0.7587623329199309,1291
257,0.7569828203467878,1292
1382,0.7569372467835482,1293
681,0.7554044272129031,1294
1437,0.7550969396899853,1295
571,0.7550214648795128,1296
1442,0.7537588864084017,1297
1330,0.7535182923876944,1298
1388,0.7521603294943986,1299
159,0.751015244188545,1300
1412,0.7496075338380014,1301
1799,0.7495411302969959,1302
1495,0.7482411201389776,1303
1025,0.74595234920679,1304
963,0.7440087682807277,1305
1542,0.7433529645420688,1306
236,0.7403034144413608,1307
679,0.7395825136285785,1308
1535,0.7384681274500005,1309
837,0.7371395433431931,1310
879,0.7306353325327691,1311
278,0.727965679108195,1312
16238,0.7272738756957933,1313
581,0.7246479070707832,1314
1320,0.7232167430169021,1315
276,0.7218716871812255,1316
607,0.7213449708697767,1317
1076,0.7213215540557671,1318
319,0.7212290579369874,1319
490,0.7210496006566137,1320
721,0.7209344112150734,1321
8204,0.719270092382629,1322
12456,0.7190553657078098,1323
784,0.7189963619025999,1324
1012,0.7180911806459959,1325
311,0.7156937285164398,1326
1327,0.7152288712342825,1327
582,0.7149015158496901,1328
3060,0.7140384167277215,1329
426,0.7135581366853112,1330
1658,0.7126615681172542,1331
15489,0.712107733305965,1332
1642,0.7118733356933308,1333
1321,0.7105667606432243,1334
916,0.7099524892239328,1335
16803,0.7093649485464032,1336
911,0.707084252761234,1337
1009,0.7038897850936529,1338
787,0.7038528302164985,1339
1407,0.702575935068396,1340
16911,0.7014160322488021,1341
9014,0.6972846326824427,1342
1638,0.6959050178287501,1343
7145,0.694880263159711,1344
979,0.6926014612466634,1345
740,0.6912697589377196,1346
102,0.6909089947053534,1347
1539,0.6901668161693522,1348
940,0.6895552261100066,1349
1238,0.6878540874393125,1350
1318,0.687202346605133,1351
122,0.6867687266780182,1352
1603,0.6857383868379107,1353
1563,0.6855117707131696,1354
207,0.685034667687734,1355
746,0.6841762574139902,1356
30,0.684159934132259,1357
11164,0.683073715353939,1358
990,0.6819143378530975,1359
1793,0.6815984329961683,1360
8335,0.6811483569713043,1361
77,0.6805468372439791,1362
1014,0.6795442672338164,1363
451,0.6790182088424616,1364
1635,0.6789967232412781,1365
13298,0.6764129704948438,1366
6414,0.6763572443972427,1367
8854,0.6751798009113684,1368
1291,0.6749907070687948,1369
734,0.672460146254125,1370
1723,0.6695832505534561,1371
68,0.6694868552427257,1372
6152,0.6693184170028654,1373
1319,0.6679486264697644,1374
8840,0.6676354794653756,1375
13828,0.6674406883133864,1376
1683,0.6667319259831599,1377
1220,0.6661135326739575,1378
1021,0.6644720310989711,1379
1430,0.6641513568952327,1380
1274,0.6636643486570925,1381
1647,0.660433555834402,1382
97,0.6584612513248308,1383
1792,0.6565977011567417,1384
10027,0.6551470690257238,1385
16662,0.6533060360676387,1386
464,0.652918485386139,1387
8853,0.6527392971333346,1388
1589,0.6526603282155069,1389
3667,0.6521138437979486,1390
1240,0.6515231987585034,1391
1324,0.6505100836691599,1392
1741,0.6488698926505132,1393
470,0.6472804758302427,1394
3046,0.6470285685217637,1395
250,0.6464489082551097,1396
1532,0.6459852987701977,1397
1485,0.6458456343014398,1398
878,0.6449995898805477,1399
206,0.6440479505996624,1400
1498,0.6420838525228888,1401
4005,0.6416898503297818,1402
1215,0.6412283220654591,1403
447,0.6400144472609285,1404
1354,0.636534089230912,1405
1511,0.6349826306735327,1406
630,0.6340250749955423,1407
866,0.6326532354710688,1408
314,0.6322728061767469,1409
1247,0.6321378062635834,1410
1258,0.6290769459249715,1411
96,0.6279999282735378,1412
834,0.6258977731051584,1413
986,0.6253294902913846,1414
1771,0.6253125817620276,1415
242,0.6246107565416122,1416
9828,0.6242351403888786,1417
1135,0.6237943268149752,1418
52,0.6233606510550295,1419
1236,0.6230996848049072,1420
1605,0.6224905198729487,1421
430,0.6222350493054959,1422
992,0.622085003337199,1423
71,0.6215301755165856,1424
622,0.6208450436251662,1425
431,0.6197116285349958,1426
828,0.6153308906771611,1427
9831,0.6144301719026019,1428
1253,0.6126945212493459,1429
173,0.6119182176296569,1430
1464,0.6104114178811006,1431
4510,0.6103217306394639,1432
1461,0.609164956846023,1433
1460,0.6085336844459466,1434
1054,0.607992602895611,1435
577,0.60734499448241,1436
1459,0.606613740649707,1437
1019,0.6053300187217484,1438
15531,0.605287365368737,1439
1112,0.6022991219070994,1440
1618,0.6020651850792026,1441
1656,0.597845391650145,1442
191,0.5975561480179229,1443
51,0.597257112769566,1444
1336,0.5965382777698451,1445
813,0.5962752023099592,1446
8833,0.5959583299298825,1447
516,0.5959512533386735,1448
15139,0.5955689444141241,1449
1477,0.5948099194187868,1450
9182,0.5942799058400915,1451
2179,0.5942255707985021,1452
1755,0.5909750530227018,1453
854,0.5908553604054031,1454
49,0.5894009616261342,1455
15701,0.5891447534254043,1456
560,0.5878203007844384,1457
1095,0.5877361269968457,1458
1414,0.5875454237517339,1459
9840,0.587337798351616,1460
8848,0.5871111717452906,1461
34,0.5846790383400171,1462
921,0.5827245468075442,1463
1717,0.5820106219239248,1464
1514,0.5792761538862153,1465
44,0.5790277607475668,1466
1285,0.578271034441777,1467
660,0.5781999244073828,1468
16193,0.5779276630219483,1469
16234,0.5750324524546092,1470
767,0.5715370507507019,1471
1555,0.5698123517533101,1472
1515,0.5667490510050592,1473
16,0.5660272076348872,1474
852,0.5650879516415129,1475
701,0.5630990390966952,1476
205,0.5607876867713562,1477
82,0.559875617557444,1478
1158,0.5593371769461355,1479
9384,0.5592895721291412,1480
1574,0.5590297469651906,1481
15386,0.5564189820245409,1482
8861,0.5545551815232014,1483
16730,0.5539009769000997,1484
822,0.5532428630487607,1485
686,0.5525584454355078,1486
8868,0.5522736076916984,1487
1254,0.5515833024734047,1488
15747,0.5503636682483043,1489
17290,0.5500520639036588,1490
15384,0.5498740563375223,1491
803,0.5478125403138413,1492
1482,0.5467535013476936,1493
12455,0.5433989156565248,1494
1496,0.535962341021845,1495
1568,0.5348662818132986,1496
258,0.5343495997857909,1497
9675,0.5336812444020392,1498
8832,0.5335821709742155,1499
1499,0.5319078451539645,1500
1393,0.5310639978307293,1501
452,0.530003613089859,1502
200,0.5287863511497541,1503
7198,0.5271541747494243,1504
1436,0.5251704189974785,1505
186,0.5248844290793706,1506
197,0.5246395679217185,1507
1448,0.5229881705881257,1508
851,0.5228527710060341,1509
16704,0.5212297399564836,1510
463,0.5199473703822031,1511
1490,0.5184658123740543,1512
1018,0.5164471352676212,1513
1225,0.5145028245160322,1514
13090,0.5143722991990328,1515
1473,0.5130695540932833,1516
88,0.5127094538581386,1517
627,0.5113787985483876,1518
946,0.5101397974606321,1519
3944,0.5079165533803803,1520
998,0.5074551262613531,1521
807,0.5072581197341025,1522
83,0.50695883091913,1523
13805,0.5066363530762825,1524
620,0.5058052699297767,1525
826,0.5046038014254774,1526
1526,0.5041981229888518,1527
1355,0.5024059181124163,1528
9141,0.5022636142495657,1529
1252,0.5001933149829672,1530
13029,0.49837545749594925,1531
1571,0.49720342348115226,1532
718,0.4967333279161057,1533
1329,0.4946813523833654,1534
640,0.49298236798971795,1535
1484,0.49291904915024604,1536
9830,0.490422780531945,1537
1367,0.48825604955161184,1538
16916,0.48769604798841193,1539
619,0.48767862622034686,1540
9841,0.4844956037457917,1541
1164,0.4824010767497757,1542
666,0.4822591404314675,1543
17462,0.4821887179161044,1544
78,0.4810435385651167,1545
678,0.47953500937974897,1546
228,0.479243776399234,1547
1411,0.479235785290899,1548
1641,0.47917951869244757,1549
804,0.4780217949098873,1550
17583,0.47537339781726085,1551
251,0.47524729079258354,1552
8855,0.4751701530202375,1553
15927,0.47411946448162756,1554
677,0.47326364000174675,1555
1513,0.4699455741587581,1556
566,0.46949329005578483,1557
16878,0.46354547794308093,1558
950,0.4632907965075617,1559
241,0.46301689134232515,1560
1384,0.4630128197182336,1561
265,0.4629959383017168,1562
13290,0.4621851551278948,1563
10045,0.46181084829775065,1564
244,0.46114286951661954,1565
1447,0.46083396744782446,1566
1275,0.4605754705294807,1567
1290,0.460341859111728,1568
1518,0.45735497352859344,1569
8674,0.457123795220698,1570
984,0.45673623628688353,1571
1687,0.4564046771338207,1572
9994,0.45485696367565537,1573
1226,0.4540720236252543,1574
875,0.45345832603727626,1575
16919,0.45238233366744074,1576
9149,0.4518932013958004,1577
1416,0.45050738701243515,1578
829,0.44792767350796675,1579
1732,0.4475084856657642,1580
652,0.44740752712922693,1581
768,0.44671981349133527,1582
757,0.44418231403618946,1583
16092,0.4430657443211975,1584
8797,0.4376012581725254,1585
909,0.43312350095649826,1586
1383,0.4322156857583588,1587
973,0.4303059806885123,1588
16732,0.42797468513910303,1589
1743,0.4272585903371657,1590
260,0.42264362654694065,1591
1438,0.42237334189526593,1592
4714,0.4219876261930991,1593
688,0.4202515529002578,1594
840,0.4196683835537739,1595
1553,0.41913759062073397,1596
1235,0.41867340233326644,1597
753,0.41765425446484583,1598
13258,0.4147293007454079,1599
270,0.4112721292677133,1600
1711,0.4101471876066938,1601
1941,0.4096761740247995,1602
1419,0.4088816437924071,1603
440,0.4079722864476066,1604
13076,0.4071831937565809,1605
1371,0.4044470440554135,1606
810,0.4038068536498128,1607
676,0.4025569965081649,1608
8895,0.40098975630604183,1609
4320,0.3993098952684999,1610
1469,0.3967820371840469,1611
203,0.39670618786098993,1612
1465,0.39658466222925975,1613
7157,0.39606459241193537,1614
449,0.3941747008895508,1615
1227,0.39317431630685235,1616
8755,0.3909188389742267,1617
17675,0.39066456637358177,1618
7276,0.39059182792917596,1619
15239,0.3898180536616987,1620
17058,0.3890490778807735,1621
239,0.38499064679447037,1622
1654,0.38491781405005526,1623
4387,0.3821480404160418,1624
625,0.3821405808456329,1625
1366,0.37824587282951166,1626
1632,0.37822130426164563,1627
1572,0.37780106285422865,1628
1446,0.37642292980435843,1629
947,0.3745142688996064,1630
752,0.37418832134821006,1631
1427,0.3741730657503409,1632
8206,0.37327610178197734,1633
748,0.3731105105513085,1634
9676,0.3705718325280052,1635
710,0.3703055847058851,1636
968,0.368958492209338,1637
1406,0.3688122035529519,1638
67,0.36659254983831685,1639
1559,0.36649093386621057,1640
233,0.36540361473851446,1641
579,0.3642787728298466,1642
1426,0.3622967316178681,1643
15738,0.3618745319865467,1644
993,0.3612006107545317,1645
7084,0.36057734917919837,1646
694,0.35986753600282684,1647
1709,0.35692838291040563,1648
14105,0.3527626510493078,1649
12301,0.35006551016446613,1650
17652,0.3488795664876466,1651
513,0.34784444421321603,1652
8893,0.347434042262807,1653
7210,0.3456101626749471,1654
1417,0.34327262936560193,1655
922,0.34309967046442547,1656
123,0.3428934838770404,1657
1428,0.340187079135474,1658
1334,0.33963819853639043,1659
63,0.3386395490266378,1660
79,0.3384209738522207,1661
719,0.3353967070138884,1662
578,0.33293902063044983,1663
971,0.3322046124200195,1664
646,0.33013301500386333,1665
586,0.3293350495436284,1666
976,0.328255616821432,1667
2699,0.3268039682445161,1668
995,0.32335588758830497,1669
17674,0.3219343016222017,1670
1157,0.3206855924353367,1671
16043,0.3203900405084082,1672
958,0.3192976248889154,1673
521,0.31749784373431345,1674
1673,0.31394739339580086,1675
2028,0.3125928343437339,1676
994,0.3098720790610024,1677
1811,0.3064071436924715,1678
1716,0.3052365104061874,1679
224,0.30481984301787113,1680
10596,0.3033198228777933,1681
13322,0.3016499467626162,1682
1401,0.29975535492262256,1683
204,0.2993198018194553,1684
557,0.2986774150650507,1685
13671,0.294194218488727,1686
1399,0.2935938705632769,1687
1538,0.29340479984321893,1688
10450,0.29180420010047664,1689
1580,0.29126300718936793,1690
777,0.29066217780042536,1691
17593,0.2899083253503217,1692
8872,0.28578545282729323,1693
9185,0.2833607570252173,1694
954,0.2817968479309837,1695
1273,0.28031898971470565,1696
14384,0.27435557814833667,1697
1268,0.27251751054114515,1698
1550,0.2709981563067987,1699
761,0.27094463301417915,1700
974,0.26899104951032554,1701
833,0.2678938149656838,1702
952,0.2662242901428841,1703
7733,0.2650062010261609,1704
1601,0.2642966515163003,1705
1277,0.2594196960671735,1706
831,0.2571882995754281,1707
972,0.25644608548260583,1708
1668,0.25339640921833806,1709
15920,0.2520480785576293,1710
195,0.250787193533954,1711
1263,0.24899801538922064,1712
213,0.24800250318764985,1713
8870,0.24765196427742928,1714
6469,0.24611534593769716,1715
1562,0.24443872162763658,1716
10738,0.2443106168962793,1717
1481,0.24165599176740335,1718
129,0.24164500544541645,1719
722,0.2414965267219545,1720
1500,0.24124533083220798,1721
8692,0.2404711209802533,1722
8604,0.23862681213578768,1723
775,0.23626508004103652,1724
7216,0.23318684345326235,1725
1756,0.23276604458515715,1726
1486,0.23195527815223924,1727
17719,0.23134431930809168,1728
1708,0.230261616544173,1729
1276,0.2291776297859547,1730
1715,0.22863680835852587,1731
95,0.22821892895869575,1732
408,0.22659029815249832,1733
1551,0.225403334792926,1734
1600,0.2209427043695495,1735
769,0.22071784579604486,1736
1753,0.21938009257289398,1737
568,0.2181790372391604,1738
1587,0.2180967545142982,1739
814,0.21358841647841253,1740
321,0.2126400249280716,1741
1581,0.20984469058920588,1742
1271,0.20838776971285441,1743
1373,0.2075771139313162,1744
966,0.20684731517780627,1745
201,0.20323320827817667,1746
723,0.19808514128952234,1747
1228,0.19760139765925494,1748
12457,0.1975725806160346,1749
1418,0.19719355180300877,1750
1534,0.19461149863202865,1751
491,0.19226328390136715,1752
806,0.1916203421359105,1753
170,0.19095144941496522,1754
1533,0.18887336577593267,1755
37,0.18810703587802527,1756
1441,0.18747221656421795,1757
1479,0.18502191351361136,1758
8649,0.18482976849693142,1759
1156,0.18419394728663283,1760
816,0.18379675605627824,1761
1666,0.18286378016247226,1762
8458,0.17940395766907036,1763
1691,0.17774645417515447,1764
1665,0.17413095863670425,1765
1322,0.1736086805709519,1766
1576,0.17353511652903691,1767
980,0.17329407155883084,1768
1664,0.1710324962781216,1769
970,0.1678688198082917,1770
327,0.16741875710589726,1771
9873,0.16443283295203812,1772
2021,0.15915909257323874,1773
17335,0.15907397575491564,1774
280,0.15840277794614976,1775
1403,0.15485035664219493,1776
13280,0.15407065245988202,1777
1497,0.15363830836093245,1778
1735,0.1520435009100755,1779
8752,0.15110137946954652,1780
8205,0.15064400258499805,1781
1661,0.14876114301409765,1782
8707,0.14669917578037503,1783
1738,0.14269372923359985,1784
774,0.14050346085994722,1785
1579,0.14043837149708785,1786
261,0.13849414759917691,1787
792,0.13425468500801258,1788
1682,0.13356174881732408,1789
8892,0.1316581390134582,1790
8896,0.13115068793401716,1791
967,0.1305508352022555,1792
1733,0.13012680161880755,1793
8871,0.1281846044772033,1794
982,0.12817016239231013,1795
1540,0.12210952893815272,1796
15372,0.12160868014849824,1797
1646,0.12098325444063757,1798
274,0.12035786112400683,1799
1667,0.11986310591763741,1800
1701,0.11707330921418765,1801
13295,0.11398354901476027,1802
12625,0.11381731359747108,1803
89,0.11359284473370393,1804
776,0.1111153643224843,1805
8732,0.10977782798893992,1806
66,0.10818047410043151,1807
3757,0.10800403968816943,1808
15238,0.10749402721794707,1809
256,0.10709903597378152,1810
196,0.10679481927594427,1811
1653,0.10617124969844381,1812
1483,0.10554348276888202,1813
1517,0.10479248098675702,1814
6510,0.10246356623262629,1815
1670,0.10162781003478825,1816
1556,0.10075113684531492,1817
1719,0.09784795802196833,1818
962,0.09419897716488557,1819
1221,0.09379654058738135,1820
1768,0.09306020224806505,1821
716,0.0922281460867697,1822
4479,0.09105171727019701,1823
1216,0.090505114727788,1824
824,0.08671485068494206,1825
981,0.08667035232080586,1826
8553,0.08182778364214956,1827
1410,0.08132455025362166,1828
1740,0.0757956222090157,1829
1548,0.07037182593114176,1830
1662,0.0700776387685269,1831
1680,0.06851639395325998,1832
75,0.06464490372441639,1833
860,0.06219811854561446,1834
9684,0.046020807842816834,1835
223,0.039760986410246904,1836
1480,0.03940113140949056,1837
715,0.03462048154966514,1838
717,0.033978462911165644,1839
